Workbook

Sheet Instrucciones
A1: Elemento | B1: Contenido
A2: Proyecto | B2: LicitIA - Plataforma web inteligente para la gestión de convocatorias estatales
A3: Finalidad | B3: Registrar y comparar el desempeño del proceso manual y del proceso automatizado de búsqueda, monitoreo y análisis de convocatorias estatales del portal SEACE.
A4: Muestra | B4: 30 convocatorias estatales filtradas según el rubro de la empresa.
A5: Unidad de análisis | B5: Convocatoria estatal revisada manualmente o capturada automáticamente desde SEACE.
A6: Aplicación pretest | B6: Registrar los datos obtenidos durante la revisión manual antes de implementar o usar la plataforma web inteligente.
A7: Aplicación postest | B7: Ejecutar la plataforma LicitIA, capturar los datos mediante scraping y validar los resultados frente al portal SEACE.
A8: Criterio de precisión | B8: Precisión (%) = campos correctos / total de campos revisados o extraídos x 100.
A9: Criterio de cobertura | B9: Cobertura (%) = convocatorias detectadas o capturadas / total de convocatorias de la muestra x 100.
A10: Criterio de mejora | B10: Para indicadores de tiempo y esfuerzo, una reducción en el postest representa mejora. Para precisión y cobertura, un incremento en el postest representa mejora.

Sheet Datos captura SEACE
A1: N | B1: Entidad | C1: Fecha y hora de publicación | D1: Nomenclatura | E1: Reiniciado desde | F1: Objeto de contratación | G1: Descripción de objeto | H1: Monto estimado (S/) | I1: Moneda | J1: Versión SEACE | K1: Fuente
A2: 1 | B2: IAFAS DEL EJERCITO DEL PERU (FOSPEME) | C2: 11/06/2026 15:05 | D2: LP Homologación-ABR-1-2026-IAFAS-EP-1 | F2: Bien | G2: ADQUISICION DE CATÉTER ENDOVENOSO PERIFÉRICO PARA BENEFICIARIOS DE LA IAFAS EP | I2: Soles | J2: 3 | K2: Capturas SEACE enviadas por el usuario el 11/06/2026
A3: 2 | B3: MUNICIPALIDAD DISTRITAL DE SAN MARCOS | C3: 11/06/2026 15:04 | D3: CP-ABR-94-2026-MDSM/CS-1 | F3: Servicio | G3: SERVICIO DE EJECUCIÓN DE ACTIVIDAD MANTENIMIENTO DE LA CAPTACIÓN DE AGUA POTABLE DE TISHGO-URURUPA EN EL CENTRO POBLADO PICHIU SAN PEDRO, DISTRITO DE SAN MARCOS-HUARI-ANCASH. | I3: Soles | J3: 3 | K3: Capturas SEACE enviadas por el usuario el 11/06/2026
A4: 3 | B4: MUNICIPALIDAD DISTRITAL DE TARACO | C4: 11/06/2026 15:04 | D4: CP-ABR-1-2026-MDT/C-1 | F4: Consultoría de Obra | G4: CONTRATACIÓN DE CONSULTORÍA DE OBRA PARA LA SUPERVISIÓN DE LA OBRA MEJORAMIENTO DEL SERVICIO DE EDUCACIÓN PRIMARIA EN I.E. 72280 DE CENTRO POBLADO TUNI GRANDE DISTRITO DE TARACO DE LA PROVINCIA DE HUANCANÉ DEL DEPARTAMENTO DE PUNO CON CUI N° 2665391. | I4: Soles | J4: 3 | K4: Capturas SEACE enviadas por el usuario el 11/06/2026
A5: 4 | B5: MUNICIPALIDAD DISTRITAL DE SAN LUIS - LIMA | C5: 11/06/2026 14:56 | D5: CP-ABR-4-2026-MDSL/CS-1 | F5: Servicio | G5: SERVICIO DE ALQUILER DE CÁMARAS, DISTRITO DE SAN LUIS, PROVINCIA DE LIMA, DEPARTAMENTO DE LIMA | I5: Soles | J5: 3 | K5: Capturas SEACE enviadas por el usuario el 11/06/2026
A6: 5 | B6: SEGURO SOCIAL DE SALUD | C6: 11/06/2026 14:55 | D6: INTER-PROC-3-2026-ESSALUD/CEABE-1 | F6: Bien | G6: Contratación Internacional del Producto Farmacéutico CINCALCET 30MG - AM CÓD.SAP 010750071, para los Establecimientos de Salud de las Redes Asistenciales de EsSalud | H6: 74748.96 | I6: Soles | J6: 3 | K6: Capturas SEACE enviadas por el usuario el 11/06/2026
A7: 6 | B7: PROGRAMA NACIONAL DE TELECOMUNICACIONES | C7: 11/06/2026 14:51 | D7: CP SER-SM-3-2025-MTC/24-1 | F7: Servicio | G7: Servicio de limpieza para las oficinas administrativas de la Sede Central, los locales NOC Huachipa, Archivo Central y Almacén Central del Programa Nacional de Telecomunicaciones - PRONATEL | I7: Soles | J7: 3 | K7: Capturas SEACE enviadas por el usuario el 11/06/2026
A8: 7 | B8: GOBIERNO REGIONAL DE AMAZONAS - SUB REGION DE SALUD BAGUA | C8: 11/06/2026 14:50 | D8: LP-ABR-4-2026-DRSB-1 | F8: Bien | G8: ADQUISICION DE MICROCUBETAS DESCARTABLES PARA HEMOGLOBINOMETRO X 50 UNI | I8: Soles | J8: 3 | K8: Capturas SEACE enviadas por el usuario el 11/06/2026
A9: 8 | B9: MUNICIPALIDAD PROVINCIAL DE SAN MARTIN - TARAPOTO | C9: 11/06/2026 14:47 | D9: LP Homologación-ABR-1-2026-MPSM/OC-1 | F9: Bien | G9: CONTRATACIÓN DE BIENES PARA LA ADQUISICIÓN DE ARROZ FORTIFICADO SUPERIOR PARA EL PROGRAMA DE COMPLEMENTACIÓN ALIMENTARIA - MODALIDAD DEL PCA (COMEDORES POPULARES) DE LA SUB GERENCIA DE PROGRAMAS SOCIALES Y NUTRICIÓN INFANTIL DE LA MUNICIPALIDAD PROVINCIAL DE SAN MARTÍN | I9: Soles | J9: 3 | K9: Capturas SEACE enviadas por el usuario el 11/06/2026
A10: 9 | B10: MUNICIPALIDAD PROVINCIAL DE MARISCAL NIETO - MOQUEGUA | C10: 11/06/2026 14:45 | D10: CP-ABR-3-2026-OC-MPMN-2 | F10: Servicio | G10: SERVICIO DE PREPARACIÓN Y COLOCACIÓN DE MEZCLA ASFÁLTICA EN CALIENTE PARA EL PROYECTO: CREACIÓN DEL SERVICIO DE PROTECCIÓN Y PREVENCIÓN DE RIESGOS DE LA CALLE 9 DE OCTUBRE DEL CTE-11 DE LA JUNTA VECINAL SAN FRANCISCO ZONA III, EN EL CENTRO POBLADO DE SAN FRANCISCO, DISTRITO - PROVINCIA DE MARISCAL NIETO. | I10: Soles | J10: 3 | K10: Capturas SEACE enviadas por el usuario el 11/06/2026
A11: 10 | B11: MUNICIPALIDAD DISTRITAL DE SANTA MARIA DE CHICMO | C11: 11/06/2026 14:33 | D11: CP-ABR-2-2026-MDSMCH-1 | F11: Consultoría de Obra | G11: CONSULTORÍA DE OBRA PARA LA SUPERVISIÓN DE LA OBRA: MEJORAMIENTO DEL SERVICIO DE AGUA PARA RIEGO EN LOS SECTORES DE VACARUNI MOYURCCO, CCENUACUCHO, SUYTOCCO, CHAUPIOCCO, CCONCCATAY PUCCHUAS YAHUARI, DEL DISTRITO DE SANTA MARÍA DE CHICMO, PROVINCIA DE ANDAHUAYLAS REGIÓN APURÍMAC; CON CUI N° 237 | I11: Soles | J11: 3 | K11: Capturas SEACE enviadas por el usuario el 11/06/2026
A12: 11 | B12: GOBIERNO REGIONAL DE PIURA - GERENCIA SUBREGIONAL LUCIANO CASTILLO COLONNA | C12: 11/06/2026 14:25 | D12: LP-ABR-1-2026-GRP-GSRLCC-G-1 | E12: Integración de las Bases | F12: Bien | G12: ADQUISICIÓN DE UNIFORME INSTITUCIONAL PARA PERSONAL DE LA GERENCIA SUBREGIONAL LUCIANO CASTILLO COLONNA AÑO 2026. | I12: Soles | J12: 3 | K12: Capturas SEACE enviadas por el usuario el 11/06/2026
A13: 12 | B13: GOBIERNO REGIONAL DE TACNA RED DE SALUD TACNA | C13: 11/06/2026 14:24 | D13: SIE-SIE-2-2026-REDS.T-1 | F13: Bien | G13: SUMINISTRO DE MEDICAMENTOS PARA LA UNIDAD DE MEDICAMENTOS INSUMOS Y DROGAS PARA LA RED DE SALUD TACNA | I13: Soles | J13: 3 | K13: Capturas SEACE enviadas por el usuario el 11/06/2026
A14: 13 | B14: MINISTERIO DE VIVIENDA, CONSTRUCCIÓN Y SANEAMIENTO - ADMINISTRACION GENERAL | C14: 11/06/2026 14:22 | D14: SIE-SIE-1-2026-VIVIENDA-OGA-UE-1 | F14: Bien | G14: ADQUISICIÓN DE COMBUSTIBLE DIESEL B5 S-50 PARA LA EJECUCIÓN DE INTERVENCIONES DE PREVENCIÓN Y MITIGACIÓN DE RIESGOS A CARGO DE LA UNIDAD BÁSICA OPERATIVA LIMA DEL PNC MAQUINARIAS | I14: Soles | J14: 3 | K14: Capturas SEACE enviadas por el usuario el 11/06/2026
A15: 14 | B15: ORGANISMO TECNICO DE LA ADMINISTRACION DE SERVICIOS DE SANEAMIENTO | C15: 11/06/2026 14:21 | D15: LP-ABR-1-2026-OTASS-1 | F15: Bien | G15: ADQUISICIÓN DE CÁMARA DE VIDEO PORTÁTIL PARA INSPECCIÓN DE POZOS TUBULARES PROFUNDOS DE HASTA 300 M DE PROFUNDIDAD | I15: Soles | J15: 3 | K15: Capturas SEACE enviadas por el usuario el 11/06/2026
A16: 15 | B16: CORTE SUPERIOR DE JUSTICIA DE LIMA NORTE | C16: 11/06/2026 14:15 | D16: CP-ABR-1-2026-C-CSJLN-PJ-1 | E16: Admisión de propuesta técnica | F16: Servicio | G16: SERVICIO DE UN MEDICO OCUPACIONAL PARA LA CORTE SUPERIOR DE JUSTICIA DE LIMA NORTE | I16: Soles | J16: 3 | K16: Capturas SEACE enviadas por el usuario el 11/06/2026
A17: 16 | B17: CENTRO VACACIONAL HUAMPANI | C17: 11/06/2026 14:15 | D17: LP-ABR-3-2026-CVH-CS-1-1 | F17: Bien | G17: ADQUISICIÓN DE LECHE Y YOGURT PARA EL CENTRO VACACIONAL HUAMPANI | I17: Soles | J17: 3 | K17: Capturas SEACE enviadas por el usuario el 11/06/2026
A18: 17 | B18: AGENCIA DE PROMOCION DE LA INVERSION PRIVADA - PROINVERSION | C18: 11/06/2026 13:44 | D18: DIRECTA-DIRECTA-2-2026-PROINVERSION-1 | F18: Servicio | G18: Servicio de un Estudio de Abogado para la defensa y asesoría legal del ex servidor Alberto Javier Pascó-Font Quevedo, en su condición de ex miembro del Comité de PROINVERSIÓN - IIRSA Sur Tramo IV | I18: Soles | J18: 3 | K18: Capturas SEACE enviadas por el usuario el 11/06/2026
A19: 18 | B19: MUNICIPALIDAD DISTRITAL DE PAJARILLO | C19: 11/06/2026 13:33 | D19: LP-ABR-2-2026-MDP/C-1 | F19: Obra | G19: CONTRATACIÓN PARA LA EJECUCIÓN DE LA OBRA: CONSTRUCCIÓN DE SISTEMA DE ABASTECIMIENTO DE AGUA POTABLE; EN EL(LA) LOCALIDAD DE CAPIRONA, DISTRITO DE PAJARILLO, PROVINCIA MARISCAL CÁCERES, DEPARTAMENTO SAN MARTÍN, CÓDIGO ÚNICO DE INVERSIONES N° 2718795 | H19: 357538.51 | I19: Soles | J19: 3 | K19: Capturas SEACE enviadas por el usuario el 11/06/2026
A20: 19 | B20: GOBIERNO REGIONAL DE AMAZONAS SEDE CENTRAL | C20: 11/06/2026 13:27 | D20: CP-ABR-7-2026-GRA/C-1 | E20: Integración de las Bases | F20: Servicio | G20: CONTRATACIÓN DEL SERVICIO DE AMPLIACIÓN DE INFRAESTRUCTURA DE ABASTECIMIENTO DE AGUA Y ENGORDE DE TRUCHA PARA LA EJECUCIÓN DEL PLAN DE NEGOCIO AMPLIACIÓN Y MEJORAMIENTO DE INFRAESTRUCTURA PARA LA CRIANZA DE TRUCHA ARCOIRIS DE LA ASOCIACIÓN AGROPECUARIA YUYA, DISTRITO DE MAGDALENA, PROVINCIA DE CHACHAPOYAS, REGIÓN AMAZONAS CON CUI 2714018 | I20: Soles | J20: 3 | K20: Capturas SEACE enviadas por el usuario el 11/06/2026
A21: 20 | B21: MUNICIPALIDAD DISTRITAL DE HUANCHACO | C21: 11/06/2026 13:19 | D21: LP-ABR-6-2026-MDH/CS-1 | F21: Obra | G21: AMPLIACIÓN DEL SERVICIO DE MOVILIDAD URBANA EN 2 CALLES DEL SECTOR LAS LOMAS I DISTRITO DE HUANCHACO DE LA PROVINCIA DE TRUJILLO DEL DEPARTAMENTO DE LA LIBERTAD CON CUI N° 2707079 | H21: 989048.36 | I21: Soles | J21: 3 | K21: Capturas SEACE enviadas por el usuario el 11/06/2026
A22: 21 | B22: GOBIERNO REGIONAL DEL CALLAO - HOSPITAL DE APOYO SAN JOSE | C22: 11/06/2026 13:11 | D22: SIE-SIE-3-2026-GRC/UL-HSJ-1 | F22: Bien | G22: ADQUISICIÓN DE ALIMENTOS CON FICHA TÉCNICA PARA PERSONAS - FRUTAS Y DERIVADOS | I22: Soles | J22: 3 | K22: Capturas SEACE enviadas por el usuario el 11/06/2026
A23: 22 | B23: MUNICIPALIDAD DISTRITAL DE URARINAS | C23: 11/06/2026 13:08 | D23: SIE-SIE-4-2026-MDU-DEC-1 | F23: Bien | G23: ADQUISICIÓN DE COMBUSTIBLE GASOLINA DE 84 OCTANOS PARA EL TRASLADO DE ESTUDIANTES EN LA EMBARCACIÓN FLUVIAL A LA COMUNIDAD DE CONCORDIA DEL DISTRITO DE URARINAS | I23: Soles | J23: 3 | K23: Capturas SEACE enviadas por el usuario el 11/06/2026
A24: 23 | B24: INSTITUTO NACIONAL DE INNOVACION AGRARIA - INIA | C24: 11/06/2026 12:59 | D24: CP-ABR-16-2026-2016-INIA-1 | F24: Consultoría de Obra | G24: PS 2587 ACTUALIZACIÓN DE TDR PI DONOSO CONTRATACIÓN DEL SERVICIO DE CONSULTORÍA PARA LA MODIFICACIÓN DEL EXPEDIENTE TÉCNICO DE OBRAS DENOMINADO: MEJORAMIENTO DEL SERVICIO DE PROMOCIÓN DE LA CIENCIA, TECNOLOGÍA E INNOVACIÓN TECNOLÓGICA EN LA ESTACIÓN EXPERIMENTAL AGRARIA DONOSO, CENTRO POBLADO DONOSO | H24: 240500 | I24: Soles | J24: 3 | K24: Capturas SEACE enviadas por el usuario el 11/06/2026
A25: 24 | B25: MUNICIPALIDAD DISTRITAL DE SAMANCO | C25: 11/06/2026 12:57 | D25: CP-ABR-2-2026-MDS/CS-1 | F25: Consultoría de Obra | G25: SERVICIO DE CONSULTORÍA DE OBRA PARA LA SUPERVISIÓN DE OBRA DENOMINADA: CREACIÓN DEL SERVICIO DE MOVILIDAD URBANA EN LAS VÍAS LOCALES DEL CENTRO POBLADO LA CAPILLA DISTRITO DE SAMANCO DE LA PROVINCIA DEL SANTA DEL DEPARTAMENTO DE ANCASH | I25: Soles | J25: 3 | K25: Capturas SEACE enviadas por el usuario el 11/06/2026
A26: 25 | B26: MUNICIPALIDAD DISTRITAL DE MADEAN | C26: 11/06/2026 12:54 | D26: LP-ABR-2-2026-MDM-1 | F26: Obra | G26: CONTRATACIÓN DE LA EJECUCIÓN DE LA OBRA CORRESPONDIENTE A: RENOVACIÓN DE PUENTE Y DEFENSA RIBEREÑA; EN EL(LA) PUENTE; EN EL(LA) CAMINO VECINAL RUTA, EMP. LM-129 - (ORTIGAL - TAYAMARCA), PUENTE TOMA EN EL CENTRO POBLADO ORTIGAL, DISTRITO DE MADEAN, PROVINCIA YAUYOS, DEPARTAMENTO LIMA; CUI N° 2675612. | H26: 2365271.1 | I26: Soles | J26: 3 | K26: Capturas SEACE enviadas por el usuario el 11/06/2026
A27: 26 | B27: MUNICIPALIDAD DISTRITAL DE HUACHIS | C27: 11/06/2026 12:54 | D27: CP-ABR-1-2026-MDHS/CS-1 | F27: Servicio | G27: SERVICIOS DE EJECUCIÓN PARA LA ACTIVIDAD: MANTENIMIENTO DE INFRAESTRUCTURA DE LA MUNICIPALIDAD DEL CENTRO POBLADO DE CASTILLO, DISTRITO DE HUACHIS, PROVINCIA DE HUARI, DEPARTAMENTO DE ANCASH | I27: Soles | J27: 3 | K27: Capturas SEACE enviadas por el usuario el 11/06/2026
A28: 27 | B28: MUNICIPALIDAD PROVINCIAL DE SATIPO | C28: 11/06/2026 12:48 | D28: LP-ABR-1-2026-MPS-1 | F28: Bien | G28: CONTRATACIÓN DEL SUMINISTRO DE LECHE RECONSTITUIDA X 390 GR. PARA EL PROGRAMA DE COMPLEMENTACIÓN ALIMENTARIA DE LA MUNICIPALIDAD PROVINCIAL DE SATIPO | I28: Soles | J28: 3 | K28: Capturas SEACE enviadas por el usuario el 11/06/2026
A29: 28 | B29: GOBIERNO REGIONAL DE ICA - SALUD PALPA- NASCA | C29: 11/06/2026 12:39 | D29: LP-ABR-1-2026-HRCRN/DEC-2 | F29: Bien | G29: ADQUISICIÓN DE ALIMENTOS PARA EL SERVICIO DE NUTRICIÓN | I29: Soles | J29: 3 | K29: Capturas SEACE enviadas por el usuario el 11/06/2026
A30: 29 | B30: GOBIERNO REGIONAL DE AREQUIPA - HOSPITAL GOYENECHE | C30: 11/06/2026 12:39 | D30: LP-ABR-5-2026-HG-2 | F30: Bien | G30: ADQUISICIÓN DE VÍVERES SECOS SIN FICHA OSCE PARA PACIENTES HOSPITALIZADOS Y PERSONAL DE GUARDIA DEL HOSPITAL GOYENECHE III | I30: Soles | J30: 3 | K30: Capturas SEACE enviadas por el usuario el 11/06/2026
A31: 30 | B31: MUNICIPALIDAD DISTRITAL DE RANRAHIRCA | C31: 11/06/2026 12:31 | D31: CP CON-SM-1-2026-MDR/CS-1 | F31: Consultoría de Obra | G31: CONSULTORÍA DE OBRA PARA LA SUPERVISIÓN DE OBRA: MEJORAMIENTO DEL SISTEMA DE AGUA POTABLE E INSTALACIÓN DEL SERVICIO DE DESAGÜE DE LAS LOCALIDADES DE ARHUAY Y ENCAYOC, DISTRITO DE RANRAHIRCA - YUNGAY - ANCASH, CON CUI N° 2305704 | H31: 562203.24 | I31: Soles | J31: 3 | K31: Capturas SEACE enviadas por el usuario el 11/06/2026

Sheet Supuestos de medición
A1: Campo | B1: Criterio usado | C1: Observación
A2: Fecha de detección manual | B2: Fecha de publicación + desfase manual estimado entre 45 y 136 minutos. | C2: Debe reemplazarse si existe registro real de la revisión manual.
A3: Tiempo de búsqueda manual | B3: Valores entre 8 y 18 minutos por convocatoria. | C3: Representa búsqueda, lectura y registro manual.
A4: Errores u omisiones | B4: Valores entre 0 y 3 errores por registro sobre 8 campos revisados. | C4: Permite calcular precisión del proceso manual.
A5: Fecha de detección automática | B5: Fecha de publicación + tiempo de alerta estimado entre 1.5 y 2.8 minutos. | C5: Compatible con monitoreo automatizado frecuente.
A6: Tiempo de extracción | B6: Valores entre 7 y 12 segundos por convocatoria. | C6: Representa captura/procesamiento por scraping.
A7: Campos correctos | B7: 7 u 8 campos correctos sobre 8 campos extraídos. | C7: Permite calcular precisión automática.
A8: Esfuerzo manual postest | B8: Tiempo total de extracción más 0.5 horas de supervisión. | C8: Editable en la matriz si se mide otro esfuerzo real.

Sheet Ficha Pretest
A1: N | B1: Código de convocatoria | C1: Título de la convocatoria | D1: Entidad convocante | E1: Rubro o categoría | F1: Fecha de publicación | G1: Fecha de detección manual | H1: Tiempo de búsqueda manual (min) | I1: Tiempo de desfase manual (h) | J1: Monto estimado (S/) | K1: Estado de la convocatoria | L1: Total de campos revisados | M1: Errores u omisiones detectadas | N1: Campos correctos | O1: Cobertura manual | P1: Responsable del registro | Q1: Observaciones
A2: 1 | B2: LP Homologación-ABR-1-2026-IAFAS-EP-1 | C2: ADQUISICION DE CATÉTER ENDOVENOSO PERIFÉRICO PARA BENEFICIARIOS DE LA IAFAS EP | D2: IAFAS DEL EJERCITO DEL PERU (FOSPEME) | E2: Bien | F2: 46184.628 | G2: 46184.68 | H2: 11 | I2: =IF(AND(F2<>"",G2<>""),(G2-F2)*24,"") -> 1.2333333 | K2: Publicado en SEACE | L2: 8 | M2: 1 | N2: =IF(AND(L2<>"",M2<>""),L2-M2,"") -> 7 | O2: Sí | P2: Investigador | Q2: Medición estimada para aplicación del instrumento; reemplazar por tiempo real si se cuenta con cronometraje.
A3: 2 | B3: CP-ABR-94-2026-MDSM/CS-1 | C3: SERVICIO DE EJECUCIÓN DE ACTIVIDAD MANTENIMIENTO DE LA CAPTACIÓN DE AGUA POTABLE DE TISHGO-URURUPA EN EL CENTRO POBLADO PICHIU SAN PEDRO, DISTRITO DE SAN MARCOS-HUARI-ANCASH. | D3: MUNICIPALIDAD DISTRITAL DE SAN MARCOS | E3: Servicio | F3: 46184.628 | G3: 46184.682 | H3: 14 | I3: =IF(AND(F3<>"",G3<>""),(G3-F3)*24,"") -> 1.3 | K3: Publicado en SEACE | L3: 8 | M3: 2 | N3: =IF(AND(L3<>"",M3<>""),L3-M3,"") -> 6 | O3: Sí | P3: Investigador | Q3: Medición estimada para aplicación del instrumento; reemplazar por tiempo real si se cuenta con cronometraje.
A4: 3 | B4: CP-ABR-1-2026-MDT/C-1 | C4: CONTRATACIÓN DE CONSULTORÍA DE OBRA PARA LA SUPERVISIÓN DE LA OBRA MEJORAMIENTO DEL SERVICIO DE EDUCACIÓN PRIMARIA EN I.E. 72280 DE CENTRO POBLADO TUNI GRANDE DISTRITO DE TARACO DE LA PROVINCIA DE HUANCANÉ DEL DEPARTAMENTO DE PUNO CON CUI N° 2665391. | D4: MUNICIPALIDAD DISTRITAL DE TARACO | E4: Consultoría de Obra | F4: 46184.628 | G4: 46184.685 | H4: 16 | I4: =IF(AND(F4<>"",G4<>""),(G4-F4)*24,"") -> 1.3666667 | K4: Publicado en SEACE | L4: 8 | M4: 2 | N4: =IF(AND(L4<>"",M4<>""),L4-M4,"") -> 6 | O4: Sí | P4: Investigador | Q4: Medición estimada para aplicación del instrumento; reemplazar por tiempo real si se cuenta con cronometraje.
A5: 4 | B5: CP-ABR-4-2026-MDSL/CS-1 | C5: SERVICIO DE ALQUILER DE CÁMARAS, DISTRITO DE SAN LUIS, PROVINCIA DE LIMA, DEPARTAMENTO DE LIMA | D5: MUNICIPALIDAD DISTRITAL DE SAN LUIS - LIMA | E5: Servicio | F5: 46184.622 | G5: 46184.682 | H5: 10 | I5: =IF(AND(F5<>"",G5<>""),(G5-F5)*24,"") -> 1.4333333 | K5: Publicado en SEACE | L5: 8 | M5: 1 | N5: =IF(AND(L5<>"",M5<>""),L5-M5,"") -> 7 | O5: Sí | P5: Investigador | Q5: Medición estimada para aplicación del instrumento; reemplazar por tiempo real si se cuenta con cronometraje.
A6: 5 | B6: INTER-PROC-3-2026-ESSALUD/CEABE-1 | C6: Contratación Internacional del Producto Farmacéutico CINCALCET 30MG - AM CÓD.SAP 010750071, para los Establecimientos de Salud de las Redes Asistenciales de EsSalud | D6: SEGURO SOCIAL DE SALUD | E6: Bien | F6: 46184.622 | G6: 46184.685 | H6: 13 | I6: =IF(AND(F6<>"",G6<>""),(G6-F6)*24,"") -> 1.5166667 | J6: 74748.96 | K6: Publicado en SEACE | L6: 8 | M6: 1 | N6: =IF(AND(L6<>"",M6<>""),L6-M6,"") -> 7 | O6: Sí | P6: Investigador | Q6: Medición estimada para aplicación del instrumento; reemplazar por tiempo real si se cuenta con cronometraje.
A7: 6 | B7: CP SER-SM-3-2025-MTC/24-1 | C7: Servicio de limpieza para las oficinas administrativas de la Sede Central, los locales NOC Huachipa, Archivo Central y Almacén Central del Programa Nacional de Telecomunicaciones - PRONATEL | D7: PROGRAMA NACIONAL DE TELECOMUNICACIONES | E7: Servicio | F7: 46184.619 | G7: 46184.685 | H7: 12 | I7: =IF(AND(F7<>"",G7<>""),(G7-F7)*24,"") -> 1.5833333 | K7: Publicado en SEACE | L7: 8 | M7: 2 | N7: =IF(AND(L7<>"",M7<>""),L7-M7,"") -> 6 | O7: Sí | P7: Investigador | Q7: Medición estimada para aplicación del instrumento; reemplazar por tiempo real si se cuenta con cronometraje.
A8: 7 | B8: LP-ABR-4-2026-DRSB-1 | C8: ADQUISICION DE MICROCUBETAS DESCARTABLES PARA HEMOGLOBINOMETRO X 50 UNI | D8: GOBIERNO REGIONAL DE AMAZONAS - SUB REGION DE SALUD BAGUA | E8: Bien | F8: 46184.618 | G8: 46184.686 | H8: 15 | I8: =IF(AND(F8<>"",G8<>""),(G8-F8)*24,"") -> 1.6333333 | K8: Publicado en SEACE | L8: 8 | M8: 1 | N8: =IF(AND(L8<>"",M8<>""),L8-M8,"") -> 7 | O8: Sí | P8: Investigador | Q8: Medición estimada para aplicación del instrumento; reemplazar por tiempo real si se cuenta con cronometraje.
A9: 8 | B9: LP Homologación-ABR-1-2026-MPSM/OC-1 | C9: CONTRATACIÓN DE BIENES PARA LA ADQUISICIÓN DE ARROZ FORTIFICADO SUPERIOR PARA EL PROGRAMA DE COMPLEMENTACIÓN ALIMENTARIA - MODALIDAD DEL PCA (COMEDORES POPULARES) DE LA SUB GERENCIA DE PROGRAMAS SOCIALES Y NUTRICIÓN INFANTIL DE LA MUNICIPALIDAD PROVINCIAL DE SAN MARTÍN | D9: MUNICIPALIDAD PROVINCIAL DE SAN MARTIN - TARAPOTO | E9: Bien | F9: 46184.616 | G9: 46184.688 | H9: 17 | I9: =IF(AND(F9<>"",G9<>""),(G9-F9)*24,"") -> 1.7333333 | K9: Publicado en SEACE | L9: 8 | M9: 2 | N9: =IF(AND(L9<>"",M9<>""),L9-M9,"") -> 6 | O9: Sí | P9: Investigador | Q9: Medición estimada para aplicación del instrumento; reemplazar por tiempo real si se cuenta con cronometraje.
A10: 9 | B10: CP-ABR-3-2026-OC-MPMN-2 | C10: SERVICIO DE PREPARACIÓN Y COLOCACIÓN DE MEZCLA ASFÁLTICA EN CALIENTE PARA EL PROYECTO: CREACIÓN DEL SERVICIO DE PROTECCIÓN Y PREVENCIÓN DE RIESGOS DE LA CALLE 9 DE OCTUBRE DEL CTE-11 DE LA JUNTA VECINAL SAN FRANCISCO ZONA III, EN EL CENTRO POBLADO DE SAN FRANCISCO, DISTRITO - PROVINCIA DE MARISCAL NIETO. | D10: MUNICIPALIDAD PROVINCIAL DE MARISCAL NIETO - MOQUEGUA | E10: Servicio | F10: 46184.615 | G10: 46184.69 | H10: 18 | I10: =IF(AND(F10<>"",G10<>""),(G10-F10)*24,"") -> 1.8166667 | K10: Publicado en SEACE | L10: 8 | M10: 3 | N10: =IF(AND(L10<>"",M10<>""),L10-M10,"") -> 5 | O10: Sí | P10: Investigador | Q10: Medición estimada para aplicación del instrumento; reemplazar por tiempo real si se cuenta con cronometraje.
A11: 10 | B11: CP-ABR-2-2026-MDSMCH-1 | C11: CONSULTORÍA DE OBRA PARA LA SUPERVISIÓN DE LA OBRA: MEJORAMIENTO DEL SERVICIO DE AGUA PARA RIEGO EN LOS SECTORES DE VACARUNI MOYURCCO, CCENUACUCHO, SUYTOCCO, CHAUPIOCCO, CCONCCATAY PUCCHUAS YAHUARI, DEL DISTRITO DE SANTA MARÍA DE CHICMO, PROVINCIA DE ANDAHUAYLAS REGIÓN APURÍMAC; CON CUI N° 237 | D11: MUNICIPALIDAD DISTRITAL DE SANTA MARIA DE CHICMO | E11: Consultoría de Obra | F11: 46184.606 | G11: 46184.685 | H11: 16 | I11: =IF(AND(F11<>"",G11<>""),(G11-F11)*24,"") -> 1.8833333 | K11: Publicado en SEACE | L11: 8 | M11: 2 | N11: =IF(AND(L11<>"",M11<>""),L11-M11,"") -> 6 | O11: Sí | P11: Investigador | Q11: Medición estimada para aplicación del instrumento; reemplazar por tiempo real si se cuenta con cronometraje.
A12: 11 | B12: LP-ABR-1-2026-GRP-GSRLCC-G-1 | C12: ADQUISICIÓN DE UNIFORME INSTITUCIONAL PARA PERSONAL DE LA GERENCIA SUBREGIONAL LUCIANO CASTILLO COLONNA AÑO 2026. | D12: GOBIERNO REGIONAL DE PIURA - GERENCIA SUBREGIONAL LUCIANO CASTILLO COLONNA | E12: Bien | F12: 46184.601 | G12: 46184.683 | H12: 12 | I12: =IF(AND(F12<>"",G12<>""),(G12-F12)*24,"") -> 1.9666667 | K12: Publicado en SEACE | L12: 8 | M12: 1 | N12: =IF(AND(L12<>"",M12<>""),L12-M12,"") -> 7 | O12: Sí | P12: Investigador | Q12: Medición estimada para aplicación del instrumento; reemplazar por tiempo real si se cuenta con cronometraje.
A13: 12 | B13: SIE-SIE-2-2026-REDS.T-1 | C13: SUMINISTRO DE MEDICAMENTOS PARA LA UNIDAD DE MEDICAMENTOS INSUMOS Y DROGAS PARA LA RED DE SALUD TACNA | D13: GOBIERNO REGIONAL DE TACNA RED DE SALUD TACNA | E13: Bien | F13: 46184.6 | G13: 46184.684 | H13: 9 | I13: =IF(AND(F13<>"",G13<>""),(G13-F13)*24,"") -> 2.0166667 | K13: Publicado en SEACE | L13: 8 | M13: 1 | N13: =IF(AND(L13<>"",M13<>""),L13-M13,"") -> 7 | O13: Sí | P13: Investigador | Q13: Medición estimada para aplicación del instrumento; reemplazar por tiempo real si se cuenta con cronometraje.
A14: 13 | B14: SIE-SIE-1-2026-VIVIENDA-OGA-UE-1 | C14: ADQUISICIÓN DE COMBUSTIBLE DIESEL B5 S-50 PARA LA EJECUCIÓN DE INTERVENCIONES DE PREVENCIÓN Y MITIGACIÓN DE RIESGOS A CARGO DE LA UNIDAD BÁSICA OPERATIVA LIMA DEL PNC MAQUINARIAS | D14: MINISTERIO DE VIVIENDA, CONSTRUCCIÓN Y SANEAMIENTO - ADMINISTRACION GENERAL | E14: Bien | F14: 46184.599 | G14: 46184.686 | H14: 11 | I14: =IF(AND(F14<>"",G14<>""),(G14-F14)*24,"") -> 2.1 | K14: Publicado en SEACE | L14: 8 | M14: 2 | N14: =IF(AND(L14<>"",M14<>""),L14-M14,"") -> 6 | O14: Sí | P14: Investigador | Q14: Medición estimada para aplicación del instrumento; reemplazar por tiempo real si se cuenta con cronometraje.
A15: 14 | B15: LP-ABR-1-2026-OTASS-1 | C15: ADQUISICIÓN DE CÁMARA DE VIDEO PORTÁTIL PARA INSPECCIÓN DE POZOS TUBULARES PROFUNDOS DE HASTA 300 M DE PROFUNDIDAD | D15: ORGANISMO TECNICO DE LA ADMINISTRACION DE SERVICIOS DE SANEAMIENTO | E15: Bien | F15: 46184.598 | G15: 46184.69 | H15: 10 | I15: =IF(AND(F15<>"",G15<>""),(G15-F15)*24,"") -> 2.2 | K15: Publicado en SEACE | L15: 8 | M15: 1 | N15: =IF(AND(L15<>"",M15<>""),L15-M15,"") -> 7 | O15: Sí | P15: Investigador | Q15: Medición estimada para aplicación del instrumento; reemplazar por tiempo real si se cuenta con cronometraje.
A16: 15 | B16: CP-ABR-1-2026-C-CSJLN-PJ-1 | C16: SERVICIO DE UN MEDICO OCUPACIONAL PARA LA CORTE SUPERIOR DE JUSTICIA DE LIMA NORTE | D16: CORTE SUPERIOR DE JUSTICIA DE LIMA NORTE | E16: Servicio | F16: 46184.594 | G16: 46184.688 | H16: 13 | I16: =IF(AND(F16<>"",G16<>""),(G16-F16)*24,"") -> 2.2666667 | K16: Publicado en SEACE | L16: 8 | M16: 1 | N16: =IF(AND(L16<>"",M16<>""),L16-M16,"") -> 7 | O16: Sí | P16: Investigador | Q16: Medición estimada para aplicación del instrumento; reemplazar por tiempo real si se cuenta con cronometraje.
A17: 16 | B17: LP-ABR-3-2026-CVH-CS-1-1 | C17: ADQUISICIÓN DE LECHE Y YOGURT PARA EL CENTRO VACACIONAL HUAMPANI | D17: CENTRO VACACIONAL HUAMPANI | E17: Bien | F17: 46184.594 | G17: 46184.625 | H17: 8 | I17: =IF(AND(F17<>"",G17<>""),(G17-F17)*24,"") -> 0.75 | K17: Publicado en SEACE | L17: 8 | M17: 0 | N17: =IF(AND(L17<>"",M17<>""),L17-M17,"") -> 8 | O17: Sí | P17: Investigador | Q17: Medición estimada para aplicación del instrumento; reemplazar por tiempo real si se cuenta con cronometraje.
A18: 17 | B18: DIRECTA-DIRECTA-2-2026-PROINVERSION-1 | C18: Servicio de un Estudio de Abogado para la defensa y asesoría legal del ex servidor Alberto Javier Pascó-Font Quevedo, en su condición de ex miembro del Comité de PROINVERSIÓN - IIRSA Sur Tramo IV | D18: AGENCIA DE PROMOCION DE LA INVERSION PRIVADA - PROINVERSION | E18: Servicio | F18: 46184.572 | G18: 46184.606 | H18: 14 | I18: =IF(AND(F18<>"",G18<>""),(G18-F18)*24,"") -> 0.81666667 | K18: Publicado en SEACE | L18: 8 | M18: 1 | N18: =IF(AND(L18<>"",M18<>""),L18-M18,"") -> 7 | O18: Sí | P18: Investigador | Q18: Medición estimada para aplicación del instrumento; reemplazar por tiempo real si se cuenta con cronometraje.
A19: 18 | B19: LP-ABR-2-2026-MDP/C-1 | C19: CONTRATACIÓN PARA LA EJECUCIÓN DE LA OBRA: CONSTRUCCIÓN DE SISTEMA DE ABASTECIMIENTO DE AGUA POTABLE; EN EL(LA) LOCALIDAD DE CAPIRONA, DISTRITO DE PAJARILLO, PROVINCIA MARISCAL CÁCERES, DEPARTAMENTO SAN MARTÍN, CÓDIGO ÚNICO DE INVERSIONES N° 2718795 | D19: MUNICIPALIDAD DISTRITAL DE PAJARILLO | E19: Obra | F19: 46184.565 | G19: 46184.603 | H19: 15 | I19: =IF(AND(F19<>"",G19<>""),(G19-F19)*24,"") -> 0.91666667 | J19: 357538.51 | K19: Publicado en SEACE | L19: 8 | M19: 2 | N19: =IF(AND(L19<>"",M19<>""),L19-M19,"") -> 6 | O19: Sí | P19: Investigador | Q19: Medición estimada para aplicación del instrumento; reemplazar por tiempo real si se cuenta con cronometraje.
A20: 19 | B20: CP-ABR-7-2026-GRA/C-1 | C20: CONTRATACIÓN DEL SERVICIO DE AMPLIACIÓN DE INFRAESTRUCTURA DE ABASTECIMIENTO DE AGUA Y ENGORDE DE TRUCHA PARA LA EJECUCIÓN DEL PLAN DE NEGOCIO AMPLIACIÓN Y MEJORAMIENTO DE INFRAESTRUCTURA PARA LA CRIANZA DE TRUCHA ARCOIRIS DE LA ASOCIACIÓN AGROPECUARIA YUYA, DISTRITO DE MAGDALENA, PROVINCIA DE CHACHAPOYAS, REGIÓN AMAZONAS CON CUI 2714018 | D20: GOBIERNO REGIONAL DE AMAZONAS SEDE CENTRAL | E20: Servicio | F20: 46184.56 | G20: 46184.603 | H20: 17 | I20: =IF(AND(F20<>"",G20<>""),(G20-F20)*24,"") -> 1.0166667 | K20: Publicado en SEACE | L20: 8 | M20: 2 | N20: =IF(AND(L20<>"",M20<>""),L20-M20,"") -> 6 | O20: Sí | P20: Investigador | Q20: Medición estimada para aplicación del instrumento; reemplazar por tiempo real si se cuenta con cronometraje.
A21: 20 | B21: LP-ABR-6-2026-MDH/CS-1 | C21: AMPLIACIÓN DEL SERVICIO DE MOVILIDAD URBANA EN 2 CALLES DEL SECTOR LAS LOMAS I DISTRITO DE HUANCHACO DE LA PROVINCIA DE TRUJILLO DEL DEPARTAMENTO DE LA LIBERTAD CON CUI N° 2707079 | D21: MUNICIPALIDAD DISTRITAL DE HUANCHACO | E21: Obra | F21: 46184.555 | G21: 46184.601 | H21: 16 | I21: =IF(AND(F21<>"",G21<>""),(G21-F21)*24,"") -> 1.1 | J21: 989048.36 | K21: Publicado en SEACE | L21: 8 | M21: 1 | N21: =IF(AND(L21<>"",M21<>""),L21-M21,"") -> 7 | O21: Sí | P21: Investigador | Q21: Medición estimada para aplicación del instrumento; reemplazar por tiempo real si se cuenta con cronometraje.
A22: 21 | B22: SIE-SIE-3-2026-GRC/UL-HSJ-1 | C22: ADQUISICIÓN DE ALIMENTOS CON FICHA TÉCNICA PARA PERSONAS - FRUTAS Y DERIVADOS | D22: GOBIERNO REGIONAL DEL CALLAO - HOSPITAL DE APOYO SAN JOSE | E22: Bien | F22: 46184.549 | G22: 46184.599 | H22: 12 | I22: =IF(AND(F22<>"",G22<>""),(G22-F22)*24,"") -> 1.1833333 | K22: Publicado en SEACE | L22: 8 | M22: 1 | N22: =IF(AND(L22<>"",M22<>""),L22-M22,"") -> 7 | O22: Sí | P22: Investigador | Q22: Medición estimada para aplicación del instrumento; reemplazar por tiempo real si se cuenta con cronometraje.
A23: 22 | B23: SIE-SIE-4-2026-MDU-DEC-1 | C23: ADQUISICIÓN DE COMBUSTIBLE GASOLINA DE 84 OCTANOS PARA EL TRASLADO DE ESTUDIANTES EN LA EMBARCACIÓN FLUVIAL A LA COMUNIDAD DE CONCORDIA DEL DISTRITO DE URARINAS | D23: MUNICIPALIDAD DISTRITAL DE URARINAS | E23: Bien | F23: 46184.547 | G23: 46184.599 | H23: 11 | I23: =IF(AND(F23<>"",G23<>""),(G23-F23)*24,"") -> 1.25 | K23: Publicado en SEACE | L23: 8 | M23: 1 | N23: =IF(AND(L23<>"",M23<>""),L23-M23,"") -> 7 | O23: Sí | P23: Investigador | Q23: Medición estimada para aplicación del instrumento; reemplazar por tiempo real si se cuenta con cronometraje.
A24: 23 | B24: CP-ABR-16-2026-2016-INIA-1 | C24: PS 2587 ACTUALIZACIÓN DE TDR PI DONOSO CONTRATACIÓN DEL SERVICIO DE CONSULTORÍA PARA LA MODIFICACIÓN DEL EXPEDIENTE TÉCNICO DE OBRAS DENOMINADO: MEJORAMIENTO DEL SERVICIO DE PROMOCIÓN DE LA CIENCIA, TECNOLOGÍA E INNOVACIÓN TECNOLÓGICA EN LA ESTACIÓN EXPERIMENTAL AGRARIA DONOSO, CENTRO POBLADO DONOSO | D24: INSTITUTO NACIONAL DE INNOVACION AGRARIA - INIA | E24: Consultoría de Obra | F24: 46184.541 | G24: 46184.598 | H24: 18 | I24: =IF(AND(F24<>"",G24<>""),(G24-F24)*24,"") -> 1.3666667 | J24: 240500 | K24: Publicado en SEACE | L24: 8 | M24: 2 | N24: =IF(AND(L24<>"",M24<>""),L24-M24,"") -> 6 | O24: Sí | P24: Investigador | Q24: Medición estimada para aplicación del instrumento; reemplazar por tiempo real si se cuenta con cronometraje.
A25: 24 | B25: CP-ABR-2-2026-MDS/CS-1 | C25: SERVICIO DE CONSULTORÍA DE OBRA PARA LA SUPERVISIÓN DE OBRA DENOMINADA: CREACIÓN DEL SERVICIO DE MOVILIDAD URBANA EN LAS VÍAS LOCALES DEL CENTRO POBLADO LA CAPILLA DISTRITO DE SAMANCO DE LA PROVINCIA DEL SANTA DEL DEPARTAMENTO DE ANCASH | D25: MUNICIPALIDAD DISTRITAL DE SAMANCO | E25: Consultoría de Obra | F25: 46184.54 | G25: 46184.6 | H25: 15 | I25: =IF(AND(F25<>"",G25<>""),(G25-F25)*24,"") -> 1.45 | K25: Publicado en SEACE | L25: 8 | M25: 1 | N25: =IF(AND(L25<>"",M25<>""),L25-M25,"") -> 7 | O25: Sí | P25: Investigador | Q25: Medición estimada para aplicación del instrumento; reemplazar por tiempo real si se cuenta con cronometraje.
A26: 25 | B26: LP-ABR-2-2026-MDM-1 | C26: CONTRATACIÓN DE LA EJECUCIÓN DE LA OBRA CORRESPONDIENTE A: RENOVACIÓN DE PUENTE Y DEFENSA RIBEREÑA; EN EL(LA) PUENTE; EN EL(LA) CAMINO VECINAL RUTA, EMP. LM-129 - (ORTIGAL - TAYAMARCA), PUENTE TOMA EN EL CENTRO POBLADO ORTIGAL, DISTRITO DE MADEAN, PROVINCIA YAUYOS, DEPARTAMENTO LIMA; CUI N° 2675612. | D26: MUNICIPALIDAD DISTRITAL DE MADEAN | E26: Obra | F26: 46184.537 | G26: 46184.601 | H26: 17 | I26: =IF(AND(F26<>"",G26<>""),(G26-F26)*24,"") -> 1.5166667 | J26: 2365271.1 | K26: Publicado en SEACE | L26: 8 | M26: 2 | N26: =IF(AND(L26<>"",M26<>""),L26-M26,"") -> 6 | O26: Sí | P26: Investigador | Q26: Medición estimada para aplicación del instrumento; reemplazar por tiempo real si se cuenta con cronometraje.
A27: 26 | B27: CP-ABR-1-2026-MDHS/CS-1 | C27: SERVICIOS DE EJECUCIÓN PARA LA ACTIVIDAD: MANTENIMIENTO DE INFRAESTRUCTURA DE LA MUNICIPALIDAD DEL CENTRO POBLADO DE CASTILLO, DISTRITO DE HUACHIS, PROVINCIA DE HUARI, DEPARTAMENTO DE ANCASH | D27: MUNICIPALIDAD DISTRITAL DE HUACHIS | E27: Servicio | F27: 46184.537 | G27: 46184.604 | H27: 13 | I27: =IF(AND(F27<>"",G27<>""),(G27-F27)*24,"") -> 1.6 | K27: Publicado en SEACE | L27: 8 | M27: 1 | N27: =IF(AND(L27<>"",M27<>""),L27-M27,"") -> 7 | O27: Sí | P27: Investigador | Q27: Medición estimada para aplicación del instrumento; reemplazar por tiempo real si se cuenta con cronometraje.
A28: 27 | B28: LP-ABR-1-2026-MPS-1 | C28: CONTRATACIÓN DEL SUMINISTRO DE LECHE RECONSTITUIDA X 390 GR. PARA EL PROGRAMA DE COMPLEMENTACIÓN ALIMENTARIA DE LA MUNICIPALIDAD PROVINCIAL DE SATIPO | D28: MUNICIPALIDAD PROVINCIAL DE SATIPO | E28: Bien | F28: 46184.533 | G28: 46184.603 | H28: 10 | I28: =IF(AND(F28<>"",G28<>""),(G28-F28)*24,"") -> 1.6833333 | K28: Publicado en SEACE | L28: 8 | M28: 1 | N28: =IF(AND(L28<>"",M28<>""),L28-M28,"") -> 7 | O28: Sí | P28: Investigador | Q28: Medición estimada para aplicación del instrumento; reemplazar por tiempo real si se cuenta con cronometraje.
A29: 28 | B29: LP-ABR-1-2026-HRCRN/DEC-2 | C29: ADQUISICIÓN DE ALIMENTOS PARA EL SERVICIO DE NUTRICIÓN | D29: GOBIERNO REGIONAL DE ICA - SALUD PALPA- NASCA | E29: Bien | F29: 46184.527 | G29: 46184.602 | H29: 9 | I29: =IF(AND(F29<>"",G29<>""),(G29-F29)*24,"") -> 1.8 | K29: Publicado en SEACE | L29: 8 | M29: 0 | N29: =IF(AND(L29<>"",M29<>""),L29-M29,"") -> 8 | O29: Sí | P29: Investigador | Q29: Medición estimada para aplicación del instrumento; reemplazar por tiempo real si se cuenta con cronometraje.
A30: 29 | B30: LP-ABR-5-2026-HG-2 | C30: ADQUISICIÓN DE VÍVERES SECOS SIN FICHA OSCE PARA PACIENTES HOSPITALIZADOS Y PERSONAL DE GUARDIA DEL HOSPITAL GOYENECHE III | D30: GOBIERNO REGIONAL DE AREQUIPA - HOSPITAL GOYENECHE | E30: Bien | F30: 46184.527 | G30: 46184.606 | H30: 11 | I30: =IF(AND(F30<>"",G30<>""),(G30-F30)*24,"") -> 1.8833333 | K30: Publicado en SEACE | L30: 8 | M30: 1 | N30: =IF(AND(L30<>"",M30<>""),L30-M30,"") -> 7 | O30: Sí | P30: Investigador | Q30: Medición estimada para aplicación del instrumento; reemplazar por tiempo real si se cuenta con cronometraje.
A31: 30 | B31: CP CON-SM-1-2026-MDR/CS-1 | C31: CONSULTORÍA DE OBRA PARA LA SUPERVISIÓN DE OBRA: MEJORAMIENTO DEL SISTEMA DE AGUA POTABLE E INSTALACIÓN DEL SERVICIO DE DESAGÜE DE LAS LOCALIDADES DE ARHUAY Y ENCAYOC, DISTRITO DE RANRAHIRCA - YUNGAY - ANCASH, CON CUI N° 2305704 | D31: MUNICIPALIDAD DISTRITAL DE RANRAHIRCA | E31: Consultoría de Obra | F31: 46184.522 | G31: 46184.604 | H31: 16 | I31: =IF(AND(F31<>"",G31<>""),(G31-F31)*24,"") -> 1.9833333 | J31: 562203.24 | K31: Publicado en SEACE | L31: 8 | M31: 2 | N31: =IF(AND(L31<>"",M31<>""),L31-M31,"") -> 6 | O31: Sí | P31: Investigador | Q31: Medición estimada para aplicación del instrumento; reemplazar por tiempo real si se cuenta con cronometraje.

Sheet Ficha Postest
A1: N | B1: Código de convocatoria | C1: Título de la convocatoria | D1: Entidad convocante | E1: Rubro o categoría | F1: Fecha de publicación | G1: Fecha de detección automática | H1: Tiempo de extracción (seg) | I1: Tiempo de alerta (min) | J1: Monto estimado (S/) | K1: Estado de la convocatoria | L1: Total de campos extraídos | M1: Campos correctos | N1: Precisión de extracción (%) | O1: Cobertura automática | P1: Responsable de validación | Q1: Observaciones
A2: 1 | B2: LP Homologación-ABR-1-2026-IAFAS-EP-1 | C2: ADQUISICION DE CATÉTER ENDOVENOSO PERIFÉRICO PARA BENEFICIARIOS DE LA IAFAS EP | D2: IAFAS DEL EJERCITO DEL PERU (FOSPEME) | E2: Bien | F2: 46184.628 | G2: 46184.63 | H2: 8 | I2: 2 | K2: Publicado en SEACE | L2: 8 | M2: 8 | N2: =IF(AND(L2<>"",M2<>""),M2/L2,"") -> 1 | O2: Sí | P2: Investigador | Q2: Medición estimada para prueba del sistema; reemplazar por logs reales si se cuenta con ellos.
A3: 2 | B3: CP-ABR-94-2026-MDSM/CS-1 | C3: SERVICIO DE EJECUCIÓN DE ACTIVIDAD MANTENIMIENTO DE LA CAPTACIÓN DE AGUA POTABLE DE TISHGO-URURUPA EN EL CENTRO POBLADO PICHIU SAN PEDRO, DISTRITO DE SAN MARCOS-HUARI-ANCASH. | D3: MUNICIPALIDAD DISTRITAL DE SAN MARCOS | E3: Servicio | F3: 46184.628 | G3: 46184.629 | H3: 9 | I3: 2.2 | K3: Publicado en SEACE | L3: 8 | M3: 8 | N3: =IF(AND(L3<>"",M3<>""),M3/L3,"") -> 1 | O3: Sí | P3: Investigador | Q3: Medición estimada para prueba del sistema; reemplazar por logs reales si se cuenta con ellos.
A4: 3 | B4: CP-ABR-1-2026-MDT/C-1 | C4: CONTRATACIÓN DE CONSULTORÍA DE OBRA PARA LA SUPERVISIÓN DE LA OBRA MEJORAMIENTO DEL SERVICIO DE EDUCACIÓN PRIMARIA EN I.E. 72280 DE CENTRO POBLADO TUNI GRANDE DISTRITO DE TARACO DE LA PROVINCIA DE HUANCANÉ DEL DEPARTAMENTO DE PUNO CON CUI N° 2665391. | D4: MUNICIPALIDAD DISTRITAL DE TARACO | E4: Consultoría de Obra | F4: 46184.628 | G4: 46184.63 | H4: 11 | I4: 2.5 | K4: Publicado en SEACE | L4: 8 | M4: 7 | N4: =IF(AND(L4<>"",M4<>""),M4/L4,"") -> 0.875 | O4: Sí | P4: Investigador | Q4: Medición estimada para prueba del sistema; reemplazar por logs reales si se cuenta con ellos.
A5: 4 | B5: CP-ABR-4-2026-MDSL/CS-1 | C5: SERVICIO DE ALQUILER DE CÁMARAS, DISTRITO DE SAN LUIS, PROVINCIA DE LIMA, DEPARTAMENTO DE LIMA | D5: MUNICIPALIDAD DISTRITAL DE SAN LUIS - LIMA | E5: Servicio | F5: 46184.622 | G5: 46184.623 | H5: 7 | I5: 1.8 | K5: Publicado en SEACE | L5: 8 | M5: 8 | N5: =IF(AND(L5<>"",M5<>""),M5/L5,"") -> 1 | O5: Sí | P5: Investigador | Q5: Medición estimada para prueba del sistema; reemplazar por logs reales si se cuenta con ellos.
A6: 5 | B6: INTER-PROC-3-2026-ESSALUD/CEABE-1 | C6: Contratación Internacional del Producto Farmacéutico CINCALCET 30MG - AM CÓD.SAP 010750071, para los Establecimientos de Salud de las Redes Asistenciales de EsSalud | D6: SEGURO SOCIAL DE SALUD | E6: Bien | F6: 46184.622 | G6: 46184.623 | H6: 8 | I6: 2 | J6: 74748.96 | K6: Publicado en SEACE | L6: 8 | M6: 8 | N6: =IF(AND(L6<>"",M6<>""),M6/L6,"") -> 1 | O6: Sí | P6: Investigador | Q6: Medición estimada para prueba del sistema; reemplazar por logs reales si se cuenta con ellos.
A7: 6 | B7: CP SER-SM-3-2025-MTC/24-1 | C7: Servicio de limpieza para las oficinas administrativas de la Sede Central, los locales NOC Huachipa, Archivo Central y Almacén Central del Programa Nacional de Telecomunicaciones - PRONATEL | D7: PROGRAMA NACIONAL DE TELECOMUNICACIONES | E7: Servicio | F7: 46184.619 | G7: 46184.62 | H7: 10 | I7: 2.4 | K7: Publicado en SEACE | L7: 8 | M7: 8 | N7: =IF(AND(L7<>"",M7<>""),M7/L7,"") -> 1 | O7: Sí | P7: Investigador | Q7: Medición estimada para prueba del sistema; reemplazar por logs reales si se cuenta con ellos.
A8: 7 | B8: LP-ABR-4-2026-DRSB-1 | C8: ADQUISICION DE MICROCUBETAS DESCARTABLES PARA HEMOGLOBINOMETRO X 50 UNI | D8: GOBIERNO REGIONAL DE AMAZONAS - SUB REGION DE SALUD BAGUA | E8: Bien | F8: 46184.618 | G8: 46184.62 | H8: 9 | I8: 2.1 | K8: Publicado en SEACE | L8: 8 | M8: 8 | N8: =IF(AND(L8<>"",M8<>""),M8/L8,"") -> 1 | O8: Sí | P8: Investigador | Q8: Medición estimada para prueba del sistema; reemplazar por logs reales si se cuenta con ellos.
A9: 8 | B9: LP Homologación-ABR-1-2026-MPSM/OC-1 | C9: CONTRATACIÓN DE BIENES PARA LA ADQUISICIÓN DE ARROZ FORTIFICADO SUPERIOR PARA EL PROGRAMA DE COMPLEMENTACIÓN ALIMENTARIA - MODALIDAD DEL PCA (COMEDORES POPULARES) DE LA SUB GERENCIA DE PROGRAMAS SOCIALES Y NUTRICIÓN INFANTIL DE LA MUNICIPALIDAD PROVINCIAL DE SAN MARTÍN | D9: MUNICIPALIDAD PROVINCIAL DE SAN MARTIN - TARAPOTO | E9: Bien | F9: 46184.616 | G9: 46184.618 | H9: 12 | I9: 2.8 | K9: Publicado en SEACE | L9: 8 | M9: 7 | N9: =IF(AND(L9<>"",M9<>""),M9/L9,"") -> 0.875 | O9: Sí | P9: Investigador | Q9: Medición estimada para prueba del sistema; reemplazar por logs reales si se cuenta con ellos.
A10: 9 | B10: CP-ABR-3-2026-OC-MPMN-2 | C10: SERVICIO DE PREPARACIÓN Y COLOCACIÓN DE MEZCLA ASFÁLTICA EN CALIENTE PARA EL PROYECTO: CREACIÓN DEL SERVICIO DE PROTECCIÓN Y PREVENCIÓN DE RIESGOS DE LA CALLE 9 DE OCTUBRE DEL CTE-11 DE LA JUNTA VECINAL SAN FRANCISCO ZONA III, EN EL CENTRO POBLADO DE SAN FRANCISCO, DISTRITO - PROVINCIA DE MARISCAL NIETO. | D10: MUNICIPALIDAD PROVINCIAL DE MARISCAL NIETO - MOQUEGUA | E10: Servicio | F10: 46184.615 | G10: 46184.616 | H10: 11 | I10: 2.6 | K10: Publicado en SEACE | L10: 8 | M10: 8 | N10: =IF(AND(L10<>"",M10<>""),M10/L10,"") -> 1 | O10: Sí | P10: Investigador | Q10: Medición estimada para prueba del sistema; reemplazar por logs reales si se cuenta con ellos.
A11: 10 | B11: CP-ABR-2-2026-MDSMCH-1 | C11: CONSULTORÍA DE OBRA PARA LA SUPERVISIÓN DE LA OBRA: MEJORAMIENTO DEL SERVICIO DE AGUA PARA RIEGO EN LOS SECTORES DE VACARUNI MOYURCCO, CCENUACUCHO, SUYTOCCO, CHAUPIOCCO, CCONCCATAY PUCCHUAS YAHUARI, DEL DISTRITO DE SANTA MARÍA DE CHICMO, PROVINCIA DE ANDAHUAYLAS REGIÓN APURÍMAC; CON CUI N° 237 | D11: MUNICIPALIDAD DISTRITAL DE SANTA MARIA DE CHICMO | E11: Consultoría de Obra | F11: 46184.606 | G11: 46184.608 | H11: 10 | I11: 2.4 | K11: Publicado en SEACE | L11: 8 | M11: 8 | N11: =IF(AND(L11<>"",M11<>""),M11/L11,"") -> 1 | O11: Sí | P11: Investigador | Q11: Medición estimada para prueba del sistema; reemplazar por logs reales si se cuenta con ellos.
A12: 11 | B12: LP-ABR-1-2026-GRP-GSRLCC-G-1 | C12: ADQUISICIÓN DE UNIFORME INSTITUCIONAL PARA PERSONAL DE LA GERENCIA SUBREGIONAL LUCIANO CASTILLO COLONNA AÑO 2026. | D12: GOBIERNO REGIONAL DE PIURA - GERENCIA SUBREGIONAL LUCIANO CASTILLO COLONNA | E12: Bien | F12: 46184.601 | G12: 46184.602 | H12: 8 | I12: 2 | K12: Publicado en SEACE | L12: 8 | M12: 8 | N12: =IF(AND(L12<>"",M12<>""),M12/L12,"") -> 1 | O12: Sí | P12: Investigador | Q12: Medición estimada para prueba del sistema; reemplazar por logs reales si se cuenta con ellos.
A13: 12 | B13: SIE-SIE-2-2026-REDS.T-1 | C13: SUMINISTRO DE MEDICAMENTOS PARA LA UNIDAD DE MEDICAMENTOS INSUMOS Y DROGAS PARA LA RED DE SALUD TACNA | D13: GOBIERNO REGIONAL DE TACNA RED DE SALUD TACNA | E13: Bien | F13: 46184.6 | G13: 46184.601 | H13: 7 | I13: 1.7 | K13: Publicado en SEACE | L13: 8 | M13: 8 | N13: =IF(AND(L13<>"",M13<>""),M13/L13,"") -> 1 | O13: Sí | P13: Investigador | Q13: Medición estimada para prueba del sistema; reemplazar por logs reales si se cuenta con ellos.
A14: 13 | B14: SIE-SIE-1-2026-VIVIENDA-OGA-UE-1 | C14: ADQUISICIÓN DE COMBUSTIBLE DIESEL B5 S-50 PARA LA EJECUCIÓN DE INTERVENCIONES DE PREVENCIÓN Y MITIGACIÓN DE RIESGOS A CARGO DE LA UNIDAD BÁSICA OPERATIVA LIMA DEL PNC MAQUINARIAS | D14: MINISTERIO DE VIVIENDA, CONSTRUCCIÓN Y SANEAMIENTO - ADMINISTRACION GENERAL | E14: Bien | F14: 46184.599 | G14: 46184.6 | H14: 9 | I14: 2.1 | K14: Publicado en SEACE | L14: 8 | M14: 8 | N14: =IF(AND(L14<>"",M14<>""),M14/L14,"") -> 1 | O14: Sí | P14: Investigador | Q14: Medición estimada para prueba del sistema; reemplazar por logs reales si se cuenta con ellos.
A15: 14 | B15: LP-ABR-1-2026-OTASS-1 | C15: ADQUISICIÓN DE CÁMARA DE VIDEO PORTÁTIL PARA INSPECCIÓN DE POZOS TUBULARES PROFUNDOS DE HASTA 300 M DE PROFUNDIDAD | D15: ORGANISMO TECNICO DE LA ADMINISTRACION DE SERVICIOS DE SANEAMIENTO | E15: Bien | F15: 46184.598 | G15: 46184.599 | H15: 8 | I15: 1.9 | K15: Publicado en SEACE | L15: 8 | M15: 8 | N15: =IF(AND(L15<>"",M15<>""),M15/L15,"") -> 1 | O15: Sí | P15: Investigador | Q15: Medición estimada para prueba del sistema; reemplazar por logs reales si se cuenta con ellos.
A16: 15 | B16: CP-ABR-1-2026-C-CSJLN-PJ-1 | C16: SERVICIO DE UN MEDICO OCUPACIONAL PARA LA CORTE SUPERIOR DE JUSTICIA DE LIMA NORTE | D16: CORTE SUPERIOR DE JUSTICIA DE LIMA NORTE | E16: Servicio | F16: 46184.594 | G16: 46184.595 | H16: 8 | I16: 1.8 | K16: Publicado en SEACE | L16: 8 | M16: 8 | N16: =IF(AND(L16<>"",M16<>""),M16/L16,"") -> 1 | O16: Sí | P16: Investigador | Q16: Medición estimada para prueba del sistema; reemplazar por logs reales si se cuenta con ellos.
A17: 16 | B17: LP-ABR-3-2026-CVH-CS-1-1 | C17: ADQUISICIÓN DE LECHE Y YOGURT PARA EL CENTRO VACACIONAL HUAMPANI | D17: CENTRO VACACIONAL HUAMPANI | E17: Bien | F17: 46184.594 | G17: 46184.595 | H17: 7 | I17: 1.5 | K17: Publicado en SEACE | L17: 8 | M17: 8 | N17: =IF(AND(L17<>"",M17<>""),M17/L17,"") -> 1 | O17: Sí | P17: Investigador | Q17: Medición estimada para prueba del sistema; reemplazar por logs reales si se cuenta con ellos.
A18: 17 | B18: DIRECTA-DIRECTA-2-2026-PROINVERSION-1 | C18: Servicio de un Estudio de Abogado para la defensa y asesoría legal del ex servidor Alberto Javier Pascó-Font Quevedo, en su condición de ex miembro del Comité de PROINVERSIÓN - IIRSA Sur Tramo IV | D18: AGENCIA DE PROMOCION DE LA INVERSION PRIVADA - PROINVERSION | E18: Servicio | F18: 46184.572 | G18: 46184.574 | H18: 9 | I18: 2.1 | K18: Publicado en SEACE | L18: 8 | M18: 8 | N18: =IF(AND(L18<>"",M18<>""),M18/L18,"") -> 1 | O18: Sí | P18: Investigador | Q18: Medición estimada para prueba del sistema; reemplazar por logs reales si se cuenta con ellos.
A19: 18 | B19: LP-ABR-2-2026-MDP/C-1 | C19: CONTRATACIÓN PARA LA EJECUCIÓN DE LA OBRA: CONSTRUCCIÓN DE SISTEMA DE ABASTECIMIENTO DE AGUA POTABLE; EN EL(LA) LOCALIDAD DE CAPIRONA, DISTRITO DE PAJARILLO, PROVINCIA MARISCAL CÁCERES, DEPARTAMENTO SAN MARTÍN, CÓDIGO ÚNICO DE INVERSIONES N° 2718795 | D19: MUNICIPALIDAD DISTRITAL DE PAJARILLO | E19: Obra | F19: 46184.565 | G19: 46184.566 | H19: 10 | I19: 2.3 | J19: 357538.51 | K19: Publicado en SEACE | L19: 8 | M19: 8 | N19: =IF(AND(L19<>"",M19<>""),M19/L19,"") -> 1 | O19: Sí | P19: Investigador | Q19: Medición estimada para prueba del sistema; reemplazar por logs reales si se cuenta con ellos.
A20: 19 | B20: CP-ABR-7-2026-GRA/C-1 | C20: CONTRATACIÓN DEL SERVICIO DE AMPLIACIÓN DE INFRAESTRUCTURA DE ABASTECIMIENTO DE AGUA Y ENGORDE DE TRUCHA PARA LA EJECUCIÓN DEL PLAN DE NEGOCIO AMPLIACIÓN Y MEJORAMIENTO DE INFRAESTRUCTURA PARA LA CRIANZA DE TRUCHA ARCOIRIS DE LA ASOCIACIÓN AGROPECUARIA YUYA, DISTRITO DE MAGDALENA, PROVINCIA DE CHACHAPOYAS, REGIÓN AMAZONAS CON CUI 2714018 | D20: GOBIERNO REGIONAL DE AMAZONAS SEDE CENTRAL | E20: Servicio | F20: 46184.56 | G20: 46184.562 | H20: 11 | I20: 2.6 | K20: Publicado en SEACE | L20: 8 | M20: 7 | N20: =IF(AND(L20<>"",M20<>""),M20/L20,"") -> 0.875 | O20: Sí | P20: Investigador | Q20: Medición estimada para prueba del sistema; reemplazar por logs reales si se cuenta con ellos.
A21: 20 | B21: LP-ABR-6-2026-MDH/CS-1 | C21: AMPLIACIÓN DEL SERVICIO DE MOVILIDAD URBANA EN 2 CALLES DEL SECTOR LAS LOMAS I DISTRITO DE HUANCHACO DE LA PROVINCIA DE TRUJILLO DEL DEPARTAMENTO DE LA LIBERTAD CON CUI N° 2707079 | D21: MUNICIPALIDAD DISTRITAL DE HUANCHACO | E21: Obra | F21: 46184.555 | G21: 46184.557 | H21: 10 | I21: 2.4 | J21: 989048.36 | K21: Publicado en SEACE | L21: 8 | M21: 8 | N21: =IF(AND(L21<>"",M21<>""),M21/L21,"") -> 1 | O21: Sí | P21: Investigador | Q21: Medición estimada para prueba del sistema; reemplazar por logs reales si se cuenta con ellos.
A22: 21 | B22: SIE-SIE-3-2026-GRC/UL-HSJ-1 | C22: ADQUISICIÓN DE ALIMENTOS CON FICHA TÉCNICA PARA PERSONAS - FRUTAS Y DERIVADOS | D22: GOBIERNO REGIONAL DEL CALLAO - HOSPITAL DE APOYO SAN JOSE | E22: Bien | F22: 46184.549 | G22: 46184.551 | H22: 8 | I22: 1.9 | K22: Publicado en SEACE | L22: 8 | M22: 8 | N22: =IF(AND(L22<>"",M22<>""),M22/L22,"") -> 1 | O22: Sí | P22: Investigador | Q22: Medición estimada para prueba del sistema; reemplazar por logs reales si se cuenta con ellos.
A23: 22 | B23: SIE-SIE-4-2026-MDU-DEC-1 | C23: ADQUISICIÓN DE COMBUSTIBLE GASOLINA DE 84 OCTANOS PARA EL TRASLADO DE ESTUDIANTES EN LA EMBARCACIÓN FLUVIAL A LA COMUNIDAD DE CONCORDIA DEL DISTRITO DE URARINAS | D23: MUNICIPALIDAD DISTRITAL DE URARINAS | E23: Bien | F23: 46184.547 | G23: 46184.548 | H23: 8 | I23: 1.8 | K23: Publicado en SEACE | L23: 8 | M23: 8 | N23: =IF(AND(L23<>"",M23<>""),M23/L23,"") -> 1 | O23: Sí | P23: Investigador | Q23: Medición estimada para prueba del sistema; reemplazar por logs reales si se cuenta con ellos.
A24: 23 | B24: CP-ABR-16-2026-2016-INIA-1 | C24: PS 2587 ACTUALIZACIÓN DE TDR PI DONOSO CONTRATACIÓN DEL SERVICIO DE CONSULTORÍA PARA LA MODIFICACIÓN DEL EXPEDIENTE TÉCNICO DE OBRAS DENOMINADO: MEJORAMIENTO DEL SERVICIO DE PROMOCIÓN DE LA CIENCIA, TECNOLOGÍA E INNOVACIÓN TECNOLÓGICA EN LA ESTACIÓN EXPERIMENTAL AGRARIA DONOSO, CENTRO POBLADO DONOSO | D24: INSTITUTO NACIONAL DE INNOVACION AGRARIA - INIA | E24: Consultoría de Obra | F24: 46184.541 | G24: 46184.543 | H24: 12 | I24: 2.7 | J24: 240500 | K24: Publicado en SEACE | L24: 8 | M24: 8 | N24: =IF(AND(L24<>"",M24<>""),M24/L24,"") -> 1 | O24: Sí | P24: Investigador | Q24: Medición estimada para prueba del sistema; reemplazar por logs reales si se cuenta con ellos.
A25: 24 | B25: CP-ABR-2-2026-MDS/CS-1 | C25: SERVICIO DE CONSULTORÍA DE OBRA PARA LA SUPERVISIÓN DE OBRA DENOMINADA: CREACIÓN DEL SERVICIO DE MOVILIDAD URBANA EN LAS VÍAS LOCALES DEL CENTRO POBLADO LA CAPILLA DISTRITO DE SAMANCO DE LA PROVINCIA DEL SANTA DEL DEPARTAMENTO DE ANCASH | D25: MUNICIPALIDAD DISTRITAL DE SAMANCO | E25: Consultoría de Obra | F25: 46184.54 | G25: 46184.541 | H25: 9 | I25: 2.1 | K25: Publicado en SEACE | L25: 8 | M25: 8 | N25: =IF(AND(L25<>"",M25<>""),M25/L25,"") -> 1 | O25: Sí | P25: Investigador | Q25: Medición estimada para prueba del sistema; reemplazar por logs reales si se cuenta con ellos.
A26: 25 | B26: LP-ABR-2-2026-MDM-1 | C26: CONTRATACIÓN DE LA EJECUCIÓN DE LA OBRA CORRESPONDIENTE A: RENOVACIÓN DE PUENTE Y DEFENSA RIBEREÑA; EN EL(LA) PUENTE; EN EL(LA) CAMINO VECINAL RUTA, EMP. LM-129 - (ORTIGAL - TAYAMARCA), PUENTE TOMA EN EL CENTRO POBLADO ORTIGAL, DISTRITO DE MADEAN, PROVINCIA YAUYOS, DEPARTAMENTO LIMA; CUI N° 2675612. | D26: MUNICIPALIDAD DISTRITAL DE MADEAN | E26: Obra | F26: 46184.537 | G26: 46184.539 | H26: 11 | I26: 2.5 | J26: 2365271.1 | K26: Publicado en SEACE | L26: 8 | M26: 7 | N26: =IF(AND(L26<>"",M26<>""),M26/L26,"") -> 0.875 | O26: Sí | P26: Investigador | Q26: Medición estimada para prueba del sistema; reemplazar por logs reales si se cuenta con ellos.
A27: 26 | B27: CP-ABR-1-2026-MDHS/CS-1 | C27: SERVICIOS DE EJECUCIÓN PARA LA ACTIVIDAD: MANTENIMIENTO DE INFRAESTRUCTURA DE LA MUNICIPALIDAD DEL CENTRO POBLADO DE CASTILLO, DISTRITO DE HUACHIS, PROVINCIA DE HUARI, DEPARTAMENTO DE ANCASH | D27: MUNICIPALIDAD DISTRITAL DE HUACHIS | E27: Servicio | F27: 46184.537 | G27: 46184.539 | H27: 9 | I27: 2.1 | K27: Publicado en SEACE | L27: 8 | M27: 8 | N27: =IF(AND(L27<>"",M27<>""),M27/L27,"") -> 1 | O27: Sí | P27: Investigador | Q27: Medición estimada para prueba del sistema; reemplazar por logs reales si se cuenta con ellos.
A28: 27 | B28: LP-ABR-1-2026-MPS-1 | C28: CONTRATACIÓN DEL SUMINISTRO DE LECHE RECONSTITUIDA X 390 GR. PARA EL PROGRAMA DE COMPLEMENTACIÓN ALIMENTARIA DE LA MUNICIPALIDAD PROVINCIAL DE SATIPO | D28: MUNICIPALIDAD PROVINCIAL DE SATIPO | E28: Bien | F28: 46184.533 | G28: 46184.535 | H28: 8 | I28: 1.9 | K28: Publicado en SEACE | L28: 8 | M28: 8 | N28: =IF(AND(L28<>"",M28<>""),M28/L28,"") -> 1 | O28: Sí | P28: Investigador | Q28: Medición estimada para prueba del sistema; reemplazar por logs reales si se cuenta con ellos.
A29: 28 | B29: LP-ABR-1-2026-HRCRN/DEC-2 | C29: ADQUISICIÓN DE ALIMENTOS PARA EL SERVICIO DE NUTRICIÓN | D29: GOBIERNO REGIONAL DE ICA - SALUD PALPA- NASCA | E29: Bien | F29: 46184.527 | G29: 46184.528 | H29: 7 | I29: 1.6 | K29: Publicado en SEACE | L29: 8 | M29: 8 | N29: =IF(AND(L29<>"",M29<>""),M29/L29,"") -> 1 | O29: Sí | P29: Investigador | Q29: Medición estimada para prueba del sistema; reemplazar por logs reales si se cuenta con ellos.
A30: 29 | B30: LP-ABR-5-2026-HG-2 | C30: ADQUISICIÓN DE VÍVERES SECOS SIN FICHA OSCE PARA PACIENTES HOSPITALIZADOS Y PERSONAL DE GUARDIA DEL HOSPITAL GOYENECHE III | D30: GOBIERNO REGIONAL DE AREQUIPA - HOSPITAL GOYENECHE | E30: Bien | F30: 46184.527 | G30: 46184.528 | H30: 8 | I30: 1.8 | K30: Publicado en SEACE | L30: 8 | M30: 8 | N30: =IF(AND(L30<>"",M30<>""),M30/L30,"") -> 1 | O30: Sí | P30: Investigador | Q30: Medición estimada para prueba del sistema; reemplazar por logs reales si se cuenta con ellos.
A31: 30 | B31: CP CON-SM-1-2026-MDR/CS-1 | C31: CONSULTORÍA DE OBRA PARA LA SUPERVISIÓN DE OBRA: MEJORAMIENTO DEL SISTEMA DE AGUA POTABLE E INSTALACIÓN DEL SERVICIO DE DESAGÜE DE LAS LOCALIDADES DE ARHUAY Y ENCAYOC, DISTRITO DE RANRAHIRCA - YUNGAY - ANCASH, CON CUI N° 2305704 | D31: MUNICIPALIDAD DISTRITAL DE RANRAHIRCA | E31: Consultoría de Obra | F31: 46184.522 | G31: 46184.523 | H31: 10 | I31: 2.4 | J31: 562203.24 | K31: Publicado en SEACE | L31: 8 | M31: 8 | N31: =IF(AND(L31<>"",M31<>""),M31/L31,"") -> 1 | O31: Sí | P31: Investigador | Q31: Medición estimada para prueba del sistema; reemplazar por logs reales si se cuenta con ellos.

Sheet Diccionario de campos
A1: Instrumento | B1: Campo | C1: Descripción
A2: Ficha de registro del pretest | B2: N | C2: Número correlativo del registro.
A3: Ficha de registro del pretest | B3: Código de convocatoria | C3: Identificador único de la convocatoria revisada en SEACE.
A4: Ficha de registro del pretest | B4: Título de la convocatoria | C4: Nombre o denominación del proceso.
A5: Ficha de registro del pretest | B5: Entidad convocante | C5: Institución pública responsable de la convocatoria.
A6: Ficha de registro del pretest | B6: Rubro o categoría | C6: Sector o rubro asociado al giro de la empresa.
A7: Ficha de registro del pretest | B7: Fecha de publicación | C7: Fecha y hora de publicación en SEACE.
A8: Ficha de registro del pretest | B8: Fecha de detección manual | C8: Fecha y hora en que el personal identificó la convocatoria.
A9: Ficha de registro del pretest | B9: Tiempo de búsqueda manual (min) | C9: Minutos empleados para ubicar y revisar la convocatoria.
A10: Ficha de registro del pretest | B10: Tiempo de desfase manual (h) | C10: Horas entre publicación y detección manual.
A11: Ficha de registro del pretest | B11: Monto estimado (S/) | C11: Valor económico estimado del proceso.
A12: Ficha de registro del pretest | B12: Estado de la convocatoria | C12: Activa, cerrada, anulada u otro estado visible.
... A35: Ficha de registro del postest | B35: Observaciones | C35: Comentarios sobre fallas, alertas o validaciones del sistema.

Sheet Matriz Comparativa
A1: Indicador | B1: Unidad | C1: Objetivo específico | D1: Medición pretest | E1: Medición postest | F1: Valor pretest | G1: Valor postest | H1: Diferencia | I1: Mejora (%) | J1: Técnica de cálculo | K1: Interpretación
A2: Tiempo de búsqueda | B2: min/seg | C2: Reducir el tiempo de búsqueda de convocatorias estatales. | D2: Promedio de minutos invertidos manualmente. | E2: Promedio de segundos requeridos por el scraping. | F2: =AVERAGE('Ficha Pretest'!H2:H31) -> 13.3 | G2: =AVERAGE('Ficha Postest'!H2:H31)/60 -> 0.15111111 | H2: =G2-F2 -> -13.148889 | I2: =IF(F2=0,"",(F2-G2)/F2) -> 0.98863826 | J2: ((Pretest - Postest en min) / Pretest) x 100 | K2: Menor valor en postest indica mejora.
A3: Precisión de datos | B3: % | C3: Mejorar la precisión de la información recopilada desde SEACE. | D3: Campos correctos / total de campos revisados. | E3: Campos correctos / total de campos extraídos. | F3: =SUM('Ficha Pretest'!N2:N31)/SUM('Ficha Pretest'!L2:L31) -> 0.82916667 | G3: =AVERAGE('Ficha Postest'!N2:N31) -> 0.98333333 | H3: =G3-F3 -> 0.15416667 | I3: =IF(F3=0,"",(G3-F3)/F3) -> 0.18592965 | J3: Postest - Pretest | K3: Mayor valor en postest indica mejora.
A4: Tiempo de identificación | B4: horas/min | C4: Incrementar la oportunidad de identificación de convocatorias relevantes. | D4: Promedio del desfase entre publicación y detección manual. | E4: Promedio del tiempo entre publicación y alerta automática. | F4: =AVERAGE('Ficha Pretest'!I2:I31) -> 1.5455556 | G4: =AVERAGE('Ficha Postest'!I2:I31)/60 -> 0.035555556 | H4: =G4-F4 -> -1.51 | I4: =IF(F4=0,"",(F4-G4)/F4) -> 0.97699497 | J4: ((Pretest - Postest) / Pretest) x 100 | K4: Menor valor en postest indica mejora.
A5: Esfuerzo manual | B5: horas-hombre | C5: Reducir el esfuerzo manual en el monitoreo de convocatorias. | D5: Horas dedicadas al monitoreo, filtrado y registro manual. | E5: Horas requeridas para supervisar la ejecución automatizada. | F5: =SUM('Ficha Pretest'!H2:H31)/60 -> 6.65 | G5: =SUM('Ficha Postest'!H2:H31)/3600+0.5 -> 0.57555556 | H5: =G5-F5 -> -6.0744444 | I5: =IF(F5=0,"",(F5-G5)/F5) -> 0.91345029 | J5: Pretest - Postest y porcentaje de reducción. | K5: Menor valor en postest indica mejora.
A6: Cobertura de seguimiento | B6: % | C6: Mejorar la cobertura de seguimiento de convocatorias estatales. | D6: Convocatorias detectadas manualmente / total de la muestra. | E6: Convocatorias capturadas por el sistema / total de la muestra. | F6: =COUNTIF('Ficha Pretest'!O2:O31,"Sí")/30 -> 1 | G6: =COUNTIF('Ficha Postest'!O2:O31,"Sí")/30 -> 1 | H6: =G6-F6 -> 0 | I6: =IF(F6=0,"",(G6-F6)/F6) -> 0 | J6: Postest - Pretest | K6: Mayor valor en postest indica mejora.

Sheet Operacionalización
A1: Objetivo específico | B1: Indicador | C1: Definición operacional | D1: Instrumento | E1: Escala/Unidad | F1: Fuente de datos
A2: Reducir el tiempo de búsqueda de convocatorias estatales. | B2: Tiempo de búsqueda | C2: Comparación entre promedio de minutos invertidos manualmente. y promedio de segundos requeridos por el scraping. | D2: Ficha de pretest, ficha de postest y matriz comparativa. | E2: min/seg | F2: Portal SEACE, registros manuales y registros generados por la plataforma LicitIA.
A3: Mejorar la precisión de la información recopilada desde SEACE. | B3: Precisión de datos | C3: Comparación entre campos correctos / total de campos revisados. y campos correctos / total de campos extraídos. | D3: Ficha de pretest, ficha de postest y matriz comparativa. | E3: % | F3: Portal SEACE, registros manuales y registros generados por la plataforma LicitIA.
A4: Incrementar la oportunidad de identificación de convocatorias relevantes. | B4: Tiempo de identificación | C4: Comparación entre promedio del desfase entre publicación y detección manual. y promedio del tiempo entre publicación y alerta automática. | D4: Ficha de pretest, ficha de postest y matriz comparativa. | E4: horas/min | F4: Portal SEACE, registros manuales y registros generados por la plataforma LicitIA.
A5: Reducir el esfuerzo manual en el monitoreo de convocatorias. | B5: Esfuerzo manual | C5: Comparación entre horas dedicadas al monitoreo, filtrado y registro manual. y horas requeridas para supervisar la ejecución automatizada. | D5: Ficha de pretest, ficha de postest y matriz comparativa. | E5: horas-hombre | F5: Portal SEACE, registros manuales y registros generados por la plataforma LicitIA.
A6: Mejorar la cobertura de seguimiento de convocatorias estatales. | B6: Cobertura de seguimiento | C6: Comparación entre convocatorias detectadas manualmente / total de la muestra. y convocatorias capturadas por el sistema / total de la muestra. | D6: Ficha de pretest, ficha de postest y matriz comparativa. | E6: % | F6: Portal SEACE, registros manuales y registros generados por la plataforma LicitIA.

Sheet Validez y confiabilidad
A1: Aspecto | B1: Criterio propuesto
A2: Validez de contenido | B2: Revisión por juicio de expertos considerando pertinencia, claridad, coherencia y suficiencia de cada campo del instrumento.
A3: Confiabilidad | B3: Aplicación piloto sobre un subconjunto de convocatorias y contraste de resultados entre registro manual, salida del sistema y datos visibles en SEACE.
A4: Control de sesgo | B4: Usar la misma muestra de 30 convocatorias para pretest y postest; registrar fecha y hora de cada medición.
A5: Trazabilidad | B5: Conservar evidencia de la búsqueda manual, capturas del sistema y enlaces/códigos de convocatoria.
