Workbook

Sheet Instrucciones
A1: Elemento | B1: Contenido
A2: Proyecto | B2: LicitIA - Plataforma web inteligente para la gestión de convocatorias estatales
A3: Finalidad | B3: Registrar y comparar el desempeño del proceso manual y del proceso automatizado de búsqueda, monitoreo y análisis de convocatorias estatales del portal SEACE.
A4: Muestra | B4: 30 convocatorias estatales filtradas según el rubro de la empresa.
A5: Unidad de análisis | B5: Convocatoria estatal revisada manualmente o capturada automáticamente desde SEACE.
A6: Aplicación pretest | B6: Registrar los datos obtenidos durante la revisión manual antes de implementar o usar la plataforma web inteligente.
A7: Aplicación postest | B7: Ejecutar la plataforma LicitIA, capturar los datos mediante scraping y validar los resultados frente al portal SEACE.
A8: Criterio de precisión | B8: Precisión (%) = campos correctos / total de campos revisados o extraídos x 100.
A9: Criterio de cobertura | B9: Cobertura (%) = convocatorias detectadas o capturadas / total de convocatorias de la muestra x 100.
A10: Criterio de mejora | B10: Para indicadores de tiempo y esfuerzo, una reducción en el postest representa mejora. Para precisión y cobertura, un incremento en el postest representa mejora.

Sheet Ficha Pretest
A1: N | B1: Código de convocatoria | C1: Título de la convocatoria | D1: Entidad convocante | E1: Rubro o categoría | F1: Fecha de publicación | G1: Fecha de detección manual | H1: Tiempo de búsqueda manual (min) | I1: Tiempo de desfase manual (h) | J1: Monto estimado (S/) | K1: Estado de la convocatoria | L1: Total de campos revisados | M1: Errores u omisiones detectadas | N1: Campos correctos | O1: Cobertura manual | P1: Responsable del registro | Q1: Observaciones
A2: 1 | I2: =IF(AND(F2<>"",G2<>""),(G2-F2)*24,"") | N2: =IF(AND(L2<>"",M2<>""),L2-M2,"")
A3: 2 | I3: =IF(AND(F3<>"",G3<>""),(G3-F3)*24,"") | N3: =IF(AND(L3<>"",M3<>""),L3-M3,"")
A4: 3 | I4: =IF(AND(F4<>"",G4<>""),(G4-F4)*24,"") | N4: =IF(AND(L4<>"",M4<>""),L4-M4,"")
A5: 4 | I5: =IF(AND(F5<>"",G5<>""),(G5-F5)*24,"") | N5: =IF(AND(L5<>"",M5<>""),L5-M5,"")
A6: 5 | I6: =IF(AND(F6<>"",G6<>""),(G6-F6)*24,"") | N6: =IF(AND(L6<>"",M6<>""),L6-M6,"")
A7: 6 | I7: =IF(AND(F7<>"",G7<>""),(G7-F7)*24,"") | N7: =IF(AND(L7<>"",M7<>""),L7-M7,"")
A8: 7 | I8: =IF(AND(F8<>"",G8<>""),(G8-F8)*24,"") | N8: =IF(AND(L8<>"",M8<>""),L8-M8,"")
A9: 8 | I9: =IF(AND(F9<>"",G9<>""),(G9-F9)*24,"") | N9: =IF(AND(L9<>"",M9<>""),L9-M9,"")
A10: 9 | I10: =IF(AND(F10<>"",G10<>""),(G10-F10)*24,"") | N10: =IF(AND(L10<>"",M10<>""),L10-M10,"")
A11: 10 | I11: =IF(AND(F11<>"",G11<>""),(G11-F11)*24,"") | N11: =IF(AND(L11<>"",M11<>""),L11-M11,"")
A12: 11 | I12: =IF(AND(F12<>"",G12<>""),(G12-F12)*24,"") | N12: =IF(AND(L12<>"",M12<>""),L12-M12,"")
A13: 12 | I13: =IF(AND(F13<>"",G13<>""),(G13-F13)*24,"") | N13: =IF(AND(L13<>"",M13<>""),L13-M13,"")
... A31: 30 | I31: =IF(AND(F31<>"",G31<>""),(G31-F31)*24,"") | N31: =IF(AND(L31<>"",M31<>""),L31-M31,"")

Sheet Ficha Postest
A1: N | B1: Código de convocatoria | C1: Título de la convocatoria | D1: Entidad convocante | E1: Rubro o categoría | F1: Fecha de publicación | G1: Fecha de detección automática | H1: Tiempo de extracción (seg) | I1: Tiempo de alerta (min) | J1: Monto estimado (S/) | K1: Estado de la convocatoria | L1: Total de campos extraídos | M1: Campos correctos | N1: Precisión de extracción (%) | O1: Cobertura automática | P1: Responsable de validación | Q1: Observaciones
A2: 1 | N2: =IF(AND(L2<>"",M2<>""),M2/L2,"")
A3: 2 | N3: =IF(AND(L3<>"",M3<>""),M3/L3,"")
A4: 3 | N4: =IF(AND(L4<>"",M4<>""),M4/L4,"")
A5: 4 | N5: =IF(AND(L5<>"",M5<>""),M5/L5,"")
A6: 5 | N6: =IF(AND(L6<>"",M6<>""),M6/L6,"")
A7: 6 | N7: =IF(AND(L7<>"",M7<>""),M7/L7,"")
A8: 7 | N8: =IF(AND(L8<>"",M8<>""),M8/L8,"")
A9: 8 | N9: =IF(AND(L9<>"",M9<>""),M9/L9,"")
A10: 9 | N10: =IF(AND(L10<>"",M10<>""),M10/L10,"")
A11: 10 | N11: =IF(AND(L11<>"",M11<>""),M11/L11,"")
A12: 11 | N12: =IF(AND(L12<>"",M12<>""),M12/L12,"")
A13: 12 | N13: =IF(AND(L13<>"",M13<>""),M13/L13,"")
... A31: 30 | N31: =IF(AND(L31<>"",M31<>""),M31/L31,"")

Sheet Diccionario de campos
A1: Instrumento | B1: Campo | C1: Descripción
A2: Ficha de registro del pretest | B2: N | C2: Número correlativo del registro.
A3: Ficha de registro del pretest | B3: Código de convocatoria | C3: Identificador único de la convocatoria revisada en SEACE.
A4: Ficha de registro del pretest | B4: Título de la convocatoria | C4: Nombre o denominación del proceso.
A5: Ficha de registro del pretest | B5: Entidad convocante | C5: Institución pública responsable de la convocatoria.
A6: Ficha de registro del pretest | B6: Rubro o categoría | C6: Sector o rubro asociado al giro de la empresa.
A7: Ficha de registro del pretest | B7: Fecha de publicación | C7: Fecha y hora de publicación en SEACE.
A8: Ficha de registro del pretest | B8: Fecha de detección manual | C8: Fecha y hora en que el personal identificó la convocatoria.
A9: Ficha de registro del pretest | B9: Tiempo de búsqueda manual (min) | C9: Minutos empleados para ubicar y revisar la convocatoria.
A10: Ficha de registro del pretest | B10: Tiempo de desfase manual (h) | C10: Horas entre publicación y detección manual.
A11: Ficha de registro del pretest | B11: Monto estimado (S/) | C11: Valor económico estimado del proceso.
A12: Ficha de registro del pretest | B12: Estado de la convocatoria | C12: Activa, cerrada, anulada u otro estado visible.
... A35: Ficha de registro del postest | B35: Observaciones | C35: Comentarios sobre fallas, alertas o validaciones del sistema.

Sheet Matriz Comparativa
A1: Indicador | B1: Unidad | C1: Objetivo específico | D1: Medición pretest | E1: Medición postest | F1: Valor pretest | G1: Valor postest | H1: Diferencia | I1: Mejora (%) | J1: Técnica de cálculo | K1: Interpretación
A2: Tiempo de búsqueda | B2: min/seg | C2: Reducir el tiempo de búsqueda de convocatorias estatales. | D2: Promedio de minutos invertidos manualmente. | E2: Promedio de segundos requeridos por el scraping. | F2: =AVERAGE('Ficha Pretest'!H2:H31) | G2: =AVERAGE('Ficha Postest'!H2:H31)/60 | H2: =IF(AND(F2<>"",G2<>""),G2-F2,"") | I2: =IF(AND(F2<>"",G2<>"",F2<>0),(F2-G2)/F2,"") | J2: ((Pretest - Postest en min) / Pretest) x 100 | K2: Menor valor en postest indica mejora.
A3: Precisión de datos | B3: % | C3: Mejorar la precisión de la información recopilada desde SEACE. | D3: Campos correctos / total de campos revisados. | E3: Campos correctos / total de campos extraídos. | F3: =SUM('Ficha Pretest'!N2:N31)/SUM('Ficha Pretest'!L2:L31) | G3: =AVERAGE('Ficha Postest'!N2:N31) | H3: =IF(AND(F3<>"",G3<>""),G3-F3,"") | I3: =IF(AND(F3<>"",G3<>"",F3<>0),(G3-F3)/F3,"") | J3: Postest - Pretest | K3: Mayor valor en postest indica mejora.
A4: Tiempo de identificación | B4: horas/min | C4: Incrementar la oportunidad de identificación de convocatorias relevantes. | D4: Promedio del desfase entre publicación y detección manual. | E4: Promedio del tiempo entre publicación y alerta automática. | F4: =AVERAGE('Ficha Pretest'!I2:I31) | G4: =AVERAGE('Ficha Postest'!I2:I31)/60 | H4: =IF(AND(F4<>"",G4<>""),G4-F4,"") | I4: =IF(AND(F4<>"",G4<>"",F4<>0),(F4-G4)/F4,"") | J4: ((Pretest - Postest) / Pretest) x 100 | K4: Menor valor en postest indica mejora.
A5: Esfuerzo manual | B5: horas-hombre | C5: Reducir el esfuerzo manual en el monitoreo de convocatorias. | D5: Horas dedicadas al monitoreo, filtrado y registro manual. | E5: Horas requeridas para supervisar la ejecución automatizada. | H5: =IF(AND(F5<>"",G5<>""),G5-F5,"") | I5: =IF(AND(F5<>"",G5<>"",F5<>0),(F5-G5)/F5,"") | J5: Pretest - Postest y porcentaje de reducción. | K5: Menor valor en postest indica mejora.
A6: Cobertura de seguimiento | B6: % | C6: Mejorar la cobertura de seguimiento de convocatorias estatales. | D6: Convocatorias detectadas manualmente / total de la muestra. | E6: Convocatorias capturadas por el sistema / total de la muestra. | F6: =COUNTIF('Ficha Pretest'!O2:O31,"Sí")/30 | G6: =COUNTIF('Ficha Postest'!O2:O31,"Sí")/30 | H6: =IF(AND(F6<>"",G6<>""),G6-F6,"") | I6: =IF(AND(F6<>"",G6<>"",F6<>0),(G6-F6)/F6,"") | J6: Postest - Pretest | K6: Mayor valor en postest indica mejora.

Sheet Operacionalización
A1: Objetivo específico | B1: Indicador | C1: Definición operacional | D1: Instrumento | E1: Escala/Unidad | F1: Fuente de datos
A2: Reducir el tiempo de búsqueda de convocatorias estatales. | B2: Tiempo de búsqueda | C2: Comparación entre promedio de minutos invertidos manualmente. y promedio de segundos requeridos por el scraping. | D2: Ficha de pretest, ficha de postest y matriz comparativa. | E2: min/seg | F2: Portal SEACE, registros manuales y registros generados por la plataforma LicitIA.
A3: Mejorar la precisión de la información recopilada desde SEACE. | B3: Precisión de datos | C3: Comparación entre campos correctos / total de campos revisados. y campos correctos / total de campos extraídos. | D3: Ficha de pretest, ficha de postest y matriz comparativa. | E3: % | F3: Portal SEACE, registros manuales y registros generados por la plataforma LicitIA.
A4: Incrementar la oportunidad de identificación de convocatorias relevantes. | B4: Tiempo de identificación | C4: Comparación entre promedio del desfase entre publicación y detección manual. y promedio del tiempo entre publicación y alerta automática. | D4: Ficha de pretest, ficha de postest y matriz comparativa. | E4: horas/min | F4: Portal SEACE, registros manuales y registros generados por la plataforma LicitIA.
A5: Reducir el esfuerzo manual en el monitoreo de convocatorias. | B5: Esfuerzo manual | C5: Comparación entre horas dedicadas al monitoreo, filtrado y registro manual. y horas requeridas para supervisar la ejecución automatizada. | D5: Ficha de pretest, ficha de postest y matriz comparativa. | E5: horas-hombre | F5: Portal SEACE, registros manuales y registros generados por la plataforma LicitIA.
A6: Mejorar la cobertura de seguimiento de convocatorias estatales. | B6: Cobertura de seguimiento | C6: Comparación entre convocatorias detectadas manualmente / total de la muestra. y convocatorias capturadas por el sistema / total de la muestra. | D6: Ficha de pretest, ficha de postest y matriz comparativa. | E6: % | F6: Portal SEACE, registros manuales y registros generados por la plataforma LicitIA.

Sheet Validez y confiabilidad
A1: Aspecto | B1: Criterio propuesto
A2: Validez de contenido | B2: Revisión por juicio de expertos considerando pertinencia, claridad, coherencia y suficiencia de cada campo del instrumento.
A3: Confiabilidad | B3: Aplicación piloto sobre un subconjunto de convocatorias y contraste de resultados entre registro manual, salida del sistema y datos visibles en SEACE.
A4: Control de sesgo | B4: Usar la misma muestra de 30 convocatorias para pretest y postest; registrar fecha y hora de cada medición.
A5: Trazabilidad | B5: Conservar evidencia de la búsqueda manual, capturas del sistema y enlaces/códigos de convocatoria.
