Workbook

Sheet Instrucciones
A1: Elemento | B1: Detalle
A2: Objetivo | B2: Registrar la valoración de expertos sobre los instrumentos de recolección de datos.
A3: Escala | B3: 1 = Deficiente, 2 = Regular, 3 = Bueno, 4 = Excelente.
A4: Expertos sugeridos | B4: Registrar al menos 3 expertos para sostener la validez de contenido.
A5: Cálculo | B5: La hoja Resumen calcula el promedio y el coeficiente V de Aiken por criterio.
A6: Interpretación | B6: V de Aiken >= 0.70: aceptable; >= 0.80: buena; >= 0.90: muy alta.

Sheet Experto 1
A1: Instrumento | B1: Campo / componente | C1: Indicador | D1: Claridad | E1: Pertinencia | F1: Coherencia | G1: Suficiencia | H1: Aplicabilidad | I1: Observaciones | K1: Validador | L1: Javier Ulloa Semaqué
A2: Pretest | B2: Tiempo de búsqueda manual | C2: Tiempo de búsqueda | D2: 4 | E2: 4 | F2: 4 | G2: 3 | H2: 4 | I2: Conforme con ajustes menores | K2: Empresa | L2: EMDERSOFT S.A.C.
A3: Pretest | B3: Fecha de publicación y fecha de detección manual | C3: Tiempo de identificación | D3: 4 | E3: 4 | F3: 4 | G3: 4 | H3: 4 | I3: Conforme | K3: RUC | L3: 20482736450
A4: Pretest | B4: Errores u omisiones detectadas y campos correctos | C4: Precisión de datos | D4: 3 | E4: 4 | F4: 4 | G4: 3 | H4: 4 | I4: Conforme con ajustes menores | K4: Rol | L4: Gerente / usuario experto del proceso
A5: Pretest | B5: Cobertura manual | C5: Cobertura de seguimiento | D5: 4 | E5: 4 | F5: 3 | G5: 4 | H5: 4 | I5: Conforme con ajustes menores | K5: Fecha | L5: 11/06/2026
A6: Postest | B6: Tiempo de extracción y tiempo de alerta | C6: Tiempo de búsqueda / identificación | D6: 4 | E6: 4 | F6: 4 | G6: 4 | H6: 4 | I6: Conforme
A7: Postest | B7: Campos correctos y precisión de extracción | C7: Precisión de datos | D7: 4 | E7: 4 | F7: 4 | G7: 3 | H7: 4 | I7: Conforme con ajustes menores
A8: Postest | B8: Cobertura automática | C8: Cobertura de seguimiento | D8: 4 | E8: 4 | F8: 3 | G8: 4 | H8: 4 | I8: Conforme con ajustes menores
A9: Matriz comparativa | B9: Valor pretest, valor postest, diferencia y mejora | C9: Comparación de indicadores | D9: 3 | E9: 4 | F9: 4 | G9: 4 | H9: 3 | I9: Conforme con ajustes menores
A10: Matriz comparativa | B10: Técnica de cálculo e interpretación | C10: Análisis de mejora | D10: 4 | E10: 4 | F10: 4 | G10: 4 | H10: 4 | I10: Conforme

Sheet Experto 2
A1: Instrumento | B1: Campo / componente | C1: Indicador | D1: Claridad | E1: Pertinencia | F1: Coherencia | G1: Suficiencia | H1: Aplicabilidad | I1: Observaciones
A2: Pretest | B2: Tiempo de búsqueda manual | C2: Tiempo de búsqueda
A3: Pretest | B3: Fecha de publicación y fecha de detección manual | C3: Tiempo de identificación
A4: Pretest | B4: Errores u omisiones detectadas y campos correctos | C4: Precisión de datos
A5: Pretest | B5: Cobertura manual | C5: Cobertura de seguimiento
A6: Postest | B6: Tiempo de extracción y tiempo de alerta | C6: Tiempo de búsqueda / identificación
A7: Postest | B7: Campos correctos y precisión de extracción | C7: Precisión de datos
A8: Postest | B8: Cobertura automática | C8: Cobertura de seguimiento
A9: Matriz comparativa | B9: Valor pretest, valor postest, diferencia y mejora | C9: Comparación de indicadores
A10: Matriz comparativa | B10: Técnica de cálculo e interpretación | C10: Análisis de mejora

Sheet Experto 3
A1: Instrumento | B1: Campo / componente | C1: Indicador | D1: Claridad | E1: Pertinencia | F1: Coherencia | G1: Suficiencia | H1: Aplicabilidad | I1: Observaciones
A2: Pretest | B2: Tiempo de búsqueda manual | C2: Tiempo de búsqueda
A3: Pretest | B3: Fecha de publicación y fecha de detección manual | C3: Tiempo de identificación
A4: Pretest | B4: Errores u omisiones detectadas y campos correctos | C4: Precisión de datos
A5: Pretest | B5: Cobertura manual | C5: Cobertura de seguimiento
A6: Postest | B6: Tiempo de extracción y tiempo de alerta | C6: Tiempo de búsqueda / identificación
A7: Postest | B7: Campos correctos y precisión de extracción | C7: Precisión de datos
A8: Postest | B8: Cobertura automática | C8: Cobertura de seguimiento
A9: Matriz comparativa | B9: Valor pretest, valor postest, diferencia y mejora | C9: Comparación de indicadores
A10: Matriz comparativa | B10: Técnica de cálculo e interpretación | C10: Análisis de mejora

Sheet Resumen validez
A1: Criterio | B1: Promedio Experto 1 | C1: Promedio Experto 2 | D1: Promedio Experto 3 | E1: Promedio general | F1: V de Aiken | G1: Interpretación
A2: Claridad | B2: =IF(COUNT('Experto 1'!D2:D10)=0,"Pendiente",AVERAGE('Experto 1'!D2:D10)) | C2: =IF(COUNT('Experto 2'!D2:D10)=0,"Pendiente",AVERAGE('Experto 2'!D2:D10)) | D2: =IF(COUNT('Experto 3'!D2:D10)=0,"Pendiente",AVERAGE('Experto 3'!D2:D10)) | E2: =IF(COUNT(B2:D2)=0,"Pendiente",AVERAGE(B2:D2)) | F2: =IF(E2="Pendiente","Pendiente",(E2-1)/3) | G2: =IF(F2="Pendiente","Pendiente",IF(F2>=0.9,"Validez muy alta",IF(F2>=0.8,"Validez buena",IF(F2>=0.7,"Validez aceptable","Requiere ajuste"))))
A3: Pertinencia | B3: =IF(COUNT('Experto 1'!E2:E10)=0,"Pendiente",AVERAGE('Experto 1'!E2:E10)) | C3: =IF(COUNT('Experto 2'!E2:E10)=0,"Pendiente",AVERAGE('Experto 2'!E2:E10)) | D3: =IF(COUNT('Experto 3'!E2:E10)=0,"Pendiente",AVERAGE('Experto 3'!E2:E10)) | E3: =IF(COUNT(B3:D3)=0,"Pendiente",AVERAGE(B3:D3)) | F3: =IF(E3="Pendiente","Pendiente",(E3-1)/3) | G3: =IF(F3="Pendiente","Pendiente",IF(F3>=0.9,"Validez muy alta",IF(F3>=0.8,"Validez buena",IF(F3>=0.7,"Validez aceptable","Requiere ajuste"))))
A4: Coherencia | B4: =IF(COUNT('Experto 1'!F2:F10)=0,"Pendiente",AVERAGE('Experto 1'!F2:F10)) | C4: =IF(COUNT('Experto 2'!F2:F10)=0,"Pendiente",AVERAGE('Experto 2'!F2:F10)) | D4: =IF(COUNT('Experto 3'!F2:F10)=0,"Pendiente",AVERAGE('Experto 3'!F2:F10)) | E4: =IF(COUNT(B4:D4)=0,"Pendiente",AVERAGE(B4:D4)) | F4: =IF(E4="Pendiente","Pendiente",(E4-1)/3) | G4: =IF(F4="Pendiente","Pendiente",IF(F4>=0.9,"Validez muy alta",IF(F4>=0.8,"Validez buena",IF(F4>=0.7,"Validez aceptable","Requiere ajuste"))))
A5: Suficiencia | B5: =IF(COUNT('Experto 1'!G2:G10)=0,"Pendiente",AVERAGE('Experto 1'!G2:G10)) | C5: =IF(COUNT('Experto 2'!G2:G10)=0,"Pendiente",AVERAGE('Experto 2'!G2:G10)) | D5: =IF(COUNT('Experto 3'!G2:G10)=0,"Pendiente",AVERAGE('Experto 3'!G2:G10)) | E5: =IF(COUNT(B5:D5)=0,"Pendiente",AVERAGE(B5:D5)) | F5: =IF(E5="Pendiente","Pendiente",(E5-1)/3) | G5: =IF(F5="Pendiente","Pendiente",IF(F5>=0.9,"Validez muy alta",IF(F5>=0.8,"Validez buena",IF(F5>=0.7,"Validez aceptable","Requiere ajuste"))))
A6: Aplicabilidad | B6: =IF(COUNT('Experto 1'!H2:H10)=0,"Pendiente",AVERAGE('Experto 1'!H2:H10)) | C6: =IF(COUNT('Experto 2'!H2:H10)=0,"Pendiente",AVERAGE('Experto 2'!H2:H10)) | D6: =IF(COUNT('Experto 3'!H2:H10)=0,"Pendiente",AVERAGE('Experto 3'!H2:H10)) | E6: =IF(COUNT(B6:D6)=0,"Pendiente",AVERAGE(B6:D6)) | F6: =IF(E6="Pendiente","Pendiente",(E6-1)/3) | G6: =IF(F6="Pendiente","Pendiente",IF(F6>=0.9,"Validez muy alta",IF(F6>=0.8,"Validez buena",IF(F6>=0.7,"Validez aceptable","Requiere ajuste"))))
A8: Resultado global | E8: =IF(COUNT(E2:E6)=0,"Pendiente",AVERAGE(E2:E6)) | F8: =IF(COUNT(F2:F6)=0,"Pendiente",AVERAGE(F2:F6)) | G8: =IF(F8="Pendiente","Pendiente",IF(F8>=0.9,"Instrumentos con validez de contenido muy alta",IF(F8>=0.8,"Instrumentos con validez de contenido buena",IF(F8>=0.7,"Instrumentos con validez de contenido aceptable","Instrumentos requieren ajuste"))))
